ID,Classe,Vitesse (px/s),Temps (s),X,Y
1,car,0,0.08,262,578
2,car,0,0.08,340,664
3,car,0,0.08,45,640
4,car,0,0.08,124,437
5,car,0,0.08,242,384
6,car,0,0.08,239,331
7,car,0,0.08,376,390
8,car,0,0.08,403,423
9,car,0,0.08,154,271
10,car,0,0.08,122,313
11,person,0,0.08,375,553
12,car,0,0.08,338,339
13,car,0,0.08,22,275
14,car,0,0.08,185,484
15,truck,0,0.08,185,485
17,car,0,0.08,248,271
18,car,0,0.08,110,379
19,car,0,0.08,374,222
20,car,0,0.08,196,245
21,car,0,0.08,289,222
25,car,0,0.08,94,227
26,car,0,0.08,269,244
27,car,0,0.08,245,299
28,car,0,0.08,217,219
29,car,0,0.08,7,313
30,car,0,0.08,341,236
31,person,0,0.08,179,340
33,car,0,0.08,353,257
1,car,33.94,0.12,263,579
2,car,72.0,0.12,343,664
3,car,53.67,0.12,46,642
4,car,33.94,0.12,125,438
5,car,24.0,0.12,243,384
6,car,33.94,0.12,240,332
7,car,24.0,0.12,376,389
8,car,24.0,0.12,402,423
9,car,48.0,0.12,156,271
10,car,0.0,0.12,122,313
11,person,75.89,0.12,372,552
12,car,24.0,0.12,338,340
13,car,24.0,0.12,22,276
14,car,0.0,0.12,185,484
15,truck,24.0,0.12,186,485
17,car,33.94,0.12,249,272
18,car,0.0,0.12,110,379
19,car,24.0,0.12,375,222
20,car,24.0,0.12,197,245
21,car,24.0,0.12,290,222
25,car,24.0,0.12,94,228
26,car,33.94,0.12,270,243
27,car,24.0,0.12,246,299
28,car,0.0,0.12,217,219
29,car,24.0,0.12,7,314
30,car,0.0,0.12,341,236
31,person,0.0,0.12,179,340
33,car,24.0,0.12,353,258
1,car,0.0,0.17,263,579
2,car,33.94,0.17,344,663
3,car,98.95,0.17,47,646
4,car,24.0,0.17,126,438
5,car,0.0,0.17,243,384
6,car,24.0,0.17,240,331
7,car,24.0,0.17,377,389
8,car,0.0,0.17,402,423
9,car,24.0,0.17,157,271
10,car,33.94,0.17,123,314
11,motorcycle,408.0,0.17,372,569
12,car,0.0,0.17,338,340
13,car,48.0,0.17,22,278
14,car,0.0,0.17,185,484
15,truck,0.0,0.17,186,485
17,car,48.0,0.17,251,272
18,car,98.95,0.17,111,375
19,car,33.94,0.17,376,223
20,car,75.89,0.17,200,244
21,car,48.0,0.17,292,222
25,car,24.0,0.17,95,228
26,car,24.0,0.17,271,243
27,car,24.0,0.17,247,299
28,car,24.0,0.17,218,219
29,car,33.94,0.17,8,315
30,car,24.0,0.17,341,237
31,person,24.0,0.17,180,340
33,car,24.0,0.17,353,259
1,car,24.0,0.21,263,578
2,car,24.0,0.21,345,663
3,car,53.67,0.21,48,648
4,car,33.94,0.21,127,439
5,car,24.0,0.21,244,384
6,car,24.0,0.21,241,331
7,car,0.0,0.21,377,389
8,car,0.0,0.21,402,423
9,car,33.94,0.21,158,272
10,car,24.0,0.21,124,314
11,motorcycle,120.0,0.21,372,574
12,car,24.0,0.21,339,340
13,car,24.0,0.21,22,279
14,truck,33.94,0.21,186,485
15,car,0.0,0.21,186,485
17,car,0.0,0.21,251,272
18,car,72.0,0.21,111,378
19,car,24.0,0.21,377,223
20,car,33.94,0.21,199,245
21,car,0.0,0.21,292,222
25,car,0.0,0.21,95,228
26,car,24.0,0.21,272,243
27,car,33.94,0.21,248,300
28,car,24.0,0.21,219,219
29,car,24.0,0.21,8,316
30,car,24.0,0.21,342,237
31,person,0.0,0.21,180,340
33,car,24.0,0.21,353,260
37,car,0,0.21,251,204
39,car,0,0.21,418,552
1,car,0.0,0.25,263,578
2,car,0.0,0.25,345,663
3,car,75.89,0.25,49,651
4,car,0.0,0.25,127,439
5,car,0.0,0.25,244,384
6,car,33.94,0.25,242,330
7,car,0.0,0.25,377,389
8,car,24.0,0.25,403,423
9,car,33.94,0.25,159,273
10,car,24.0,0.25,125,314
11,motorcycle,53.67,0.25,374,575
12,car,24.0,0.25,340,340
13,car,0.0,0.25,22,279
14,car,0.0,0.25,186,485
15,truck,24.0,0.25,187,485
17,car,24.0,0.25,252,272
18,car,53.67,0.25,112,380
19,car,24.0,0.25,377,224
20,car,53.67,0.25,198,247
21,car,0.0,0.25,292,222
25,car,33.94,0.25,96,229
26,car,0.0,0.25,272,243
27,car,0.0,0.25,248,300
28,car,24.0,0.25,219,220
29,car,24.0,0.25,8,317
30,car,24.0,0.25,342,238
31,person,24.0,0.25,181,340
33,car,24.0,0.25,353,261
37,car,24.0,0.25,252,204
39,car,33.94,0.25,417,551
1,car,0.0,0.29,263,578
2,car,33.94,0.29,346,662
3,car,53.67,0.29,50,653
4,car,0.0,0.29,127,439
5,car,24.0,0.29,243,384
6,car,24.0,0.29,243,330
7,car,0.0,0.29,377,389
8,car,0.0,0.29,403,423
9,car,24.0,0.29,160,273
10,car,24.0,0.29,126,314
11,motorcycle,24.0,0.29,375,575
12,car,24.0,0.29,341,340
13,car,24.0,0.29,22,280
14,car,24.0,0.29,187,485
15,truck,0.0,0.29,187,485
17,car,24.0,0.29,253,272
18,car,33.94,0.29,113,381
19,car,24.0,0.29,378,224
20,car,53.67,0.29,199,249
21,car,24.0,0.29,292,221
25,car,0.0,0.29,96,229
26,car,33.94,0.29,273,242
27,car,24.0,0.29,249,300
28,car,33.94,0.29,220,221
29,car,0.0,0.29,8,317
30,car,24.0,0.29,343,238
31,person,24.0,0.29,181,339
33,car,0.0,0.29,353,261
37,car,24.0,0.29,253,204
39,car,0.0,0.29,417,551
42,person,0,0.29,365,543
1,car,24.0,0.33,264,578
2,car,24.0,0.33,345,662
3,car,33.94,0.33,51,654
4,car,48.0,0.33,129,439
5,car,0.0,0.33,243,384
6,car,48.0,0.33,243,332
7,car,33.94,0.33,378,390
8,car,0.0,0.33,403,423
9,car,24.0,0.33,161,273
10,car,24.0,0.33,127,314
11,motorcycle,72.0,0.33,375,578
12,car,24.0,0.33,342,340
13,car,24.0,0.33,22,281
14,car,0.0,0.33,187,485
15,truck,0.0,0.33,187,485
17,car,24.0,0.33,253,273
18,car,24.0,0.33,113,382
19,car,0.0,0.33,378,224
20,car,33.94,0.33,200,250
21,car,33.94,0.33,293,222
25,car,24.0,0.33,97,229
26,car,33.94,0.33,274,241
27,car,0.0,0.33,249,300
28,car,33.94,0.33,221,222
29,car,75.89,0.33,9,320
30,car,24.0,0.33,344,238
31,person,24.0,0.33,182,339
33,car,33.94,0.33,354,262
37,car,53.67,0.33,255,205
39,car,0.0,0.33,417,551
42,person,67.88,0.33,363,541
44,car,0,0.33,41,222
1,car,0.0,0.38,264,578
2,car,48.0,0.38,347,662
3,car,67.88,0.38,53,656
4,car,0.0,0.38,129,439
5,car,24.0,0.38,244,384
6,car,24.0,0.38,244,332
7,car,0.0,0.38,378,390
8,car,0.0,0.38,403,423
9,car,24.0,0.38,162,273
10,car,24.0,0.38,128,314
11,motorcycle,72.0,0.38,375,581
12,car,24.0,0.38,343,340
13,car,0.0,0.38,22,281
14,car,24.0,0.38,188,485
15,truck,24.0,0.38,188,485
17,car,24.0,0.38,254,273
18,car,24.0,0.38,113,381
19,car,24.0,0.38,379,224
20,car,33.94,0.38,201,249
21,car,24.0,0.38,294,222
25,car,24.0,0.38,97,230
26,car,0.0,0.38,274,241
27,car,33.94,0.38,250,301
28,car,33.94,0.38,222,223
29,car,0.0,0.38,9,320
30,car,24.0,0.38,344,239
31,person,48.0,0.38,182,341
33,car,24.0,0.38,354,263
37,car,24.0,0.38,256,205
39,car,24.0,0.38,417,550
42,person,75.89,0.38,362,538
44,car,24.0,0.38,41,223
46,car,0,0.38,65,255
48,motorcycle,0,0.38,365,568
1,car,0.0,0.42,264,578
2,car,24.0,0.42,348,662
3,car,53.67,0.42,54,658
4,car,0.0,0.42,129,439
5,car,24.0,0.42,245,384
6,car,24.0,0.42,245,332
7,car,24.0,0.42,379,390
8,car,0.0,0.42,403,423
9,car,33.94,0.42,163,274
10,car,33.94,0.42,129,315
11,motorcycle,48.0,0.42,375,583
12,car,0.0,0.42,343,340
13,car,33.94,0.42,23,282
14,truck,0.0,0.42,188,485
15,car,0.0,0.42,188,485
17,car,24.0,0.42,255,273
18,car,33.94,0.42,114,380
19,car,48.0,0.42,379,226
20,car,67.88,0.42,203,247
21,car,24.0,0.42,295,222
25,car,24.0,0.42,98,230
26,car,33.94,0.42,275,240
27,car,53.67,0.42,251,299
28,car,0.0,0.42,222,223
29,car,24.0,0.42,9,319
30,car,24.0,0.42,345,239
31,person,0.0,0.42,182,341
33,car,0.0,0.42,354,263
37,car,24.0,0.42,257,205
39,car,33.94,0.42,416,549
42,person,53.67,0.42,360,539
44,car,24.0,0.42,41,224
46,car,53.67,0.42,64,257
48,motorcycle,86.53,0.42,363,565
1,car,0.0,0.46,264,578
2,car,0.0,0.46,348,662
3,car,33.94,0.46,55,659
4,car,0.0,0.46,129,439
5,car,24.0,0.46,246,384
6,car,24.0,0.46,246,332
7,car,0.0,0.46,379,390
8,car,0.0,0.46,403,423
9,car,24.0,0.46,164,274
10,car,24.0,0.46,130,315
11,motorcycle,72.0,0.46,375,586
12,car,24.0,0.46,344,340
13,car,0.0,0.46,23,282
14,car,0.0,0.46,188,485
15,truck,0.0,0.46,188,485
17,car,24.0,0.46,256,273
18,car,53.67,0.46,115,378
19,car,24.0,0.46,380,226
20,car,33.94,0.46,204,246
21,car,33.94,0.46,296,223
25,car,0.0,0.46,98,230
26,car,24.0,0.46,275,239
27,car,24.0,0.46,252,299
28,car,48.0,0.46,224,223
29,car,0.0,0.46,9,319
30,car,0.0,0.46,345,239
31,person,0.0,0.46,182,341
33,car,24.0,0.46,354,264
37,car,24.0,0.46,258,205
39,car,0.0,0.46,416,549
42,person,33.94,0.46,359,540
44,car,24.0,0.46,41,225
46,car,0.0,0.46,64,257
48,motorcycle,48.0,0.46,361,565
1,car,0.0,0.5,264,578
2,car,75.89,0.5,345,663
3,car,67.88,0.5,57,661
4,car,24.0,0.5,130,439
5,car,24.0,0.5,247,384
6,car,24.0,0.5,246,333
7,car,0.0,0.5,379,390
8,car,24.0,0.5,403,422
9,car,24.0,0.5,165,274
10,car,33.94,0.5,131,314
11,motorcycle,75.89,0.5,376,589
12,car,0.0,0.5,344,340
13,car,33.94,0.5,24,283
14,truck,24.0,0.5,189,485
15,car,24.0,0.5,189,485
17,car,33.94,0.5,257,274
18,car,33.94,0.5,116,377
19,car,24.0,0.5,381,226
20,car,33.94,0.5,205,247
21,car,53.67,0.5,297,225
25,car,33.94,0.5,99,231
26,car,24.0,0.5,276,239
27,car,24.0,0.5,253,299
28,car,24.0,0.5,225,223
29,car,24.0,0.5,10,319
30,car,33.94,0.5,346,240
31,person,24.0,0.5,183,341
33,car,24.0,0.5,354,265
37,car,33.94,0.5,259,206
39,car,0.0,0.5,416,549
42,person,75.89,0.5,358,537
44,car,33.94,0.5,42,226
46,car,24.0,0.5,64,258
48,motorcycle,53.67,0.5,360,563
53,car,0,0.5,13,204
1,car,24.0,0.54,265,578
2,car,24.0,0.54,344,663
3,car,67.88,0.54,59,663
4,car,24.0,0.54,130,438
5,car,24.0,0.54,248,384
6,car,48.0,0.54,248,333
7,car,0.0,0.54,379,390
8,car,24.0,0.54,404,422
9,car,48.0,0.54,167,274
10,car,24.0,0.54,132,314
11,motorcycle,72.0,0.54,376,592
12,car,24.0,0.54,345,340
13,car,0.0,0.54,24,283
14,car,24.0,0.54,189,486
15,truck,0.0,0.54,189,485
17,car,24.0,0.54,258,274
18,car,67.88,0.54,118,375
19,car,33.94,0.54,382,227
20,car,24.0,0.54,205,248
21,car,33.94,0.54,298,226
25,car,652.87,0.54,83,209
26,car,33.94,0.54,277,238
27,car,24.0,0.54,254,299
28,car,33.94,0.54,226,224
29,car,0.0,0.54,10,319
30,car,0.0,0.54,346,240
31,person,53.67,0.54,185,340
33,car,0.0,0.54,354,265
37,car,24.0,0.54,260,206
39,car,33.94,0.54,415,548
42,person,67.88,0.54,356,535
44,car,0.0,0.54,42,226
46,car,24.0,0.54,64,259
48,motorcycle,53.67,0.54,358,562
53,car,24.0,0.54,13,205
1,car,24.0,0.58,265,579
2,car,33.94,0.58,343,662
3,car,75.89,0.58,60,666
4,car,0.0,0.58,130,438
5,car,0.0,0.58,248,384
6,car,24.0,0.58,248,334
7,car,0.0,0.58,379,390
8,car,0.0,0.58,404,422
9,car,24.0,0.58,168,274
10,car,24.0,0.58,133,314
11,motorcycle,48.0,0.58,376,594
12,car,24.0,0.58,346,340
13,car,0.0,0.58,24,283
14,car,0.0,0.58,189,486
15,truck,0.0,0.58,189,485
17,car,24.0,0.58,259,274
18,car,0.0,0.58,118,375
19,car,24.0,0.58,383,227
20,car,24.0,0.58,206,248
21,car,24.0,0.58,299,226
25,car,0.0,0.58,83,209
26,car,24.0,0.58,277,237
27,car,0.0,0.58,254,299
28,car,0.0,0.58,226,224
29,car,0.0,0.58,10,319
30,car,24.0,0.58,347,240
31,person,24.0,0.58,185,339
33,car,24.0,0.58,354,266
37,car,24.0,0.58,261,206
39,car,24.0,0.58,415,547
42,person,53.67,0.58,354,534
44,car,0.0,0.58,42,226
46,car,24.0,0.58,64,260
48,motorcycle,48.0,0.58,356,562
53,car,0.0,0.58,13,205
1,car,33.94,0.62,266,578
2,car,33.94,0.62,344,661
3,car,75.89,0.62,61,669
4,car,24.0,0.62,131,438
5,car,33.94,0.62,249,383
6,car,48.0,0.62,250,334
7,car,24.0,0.62,380,390
8,car,0.0,0.62,404,422
9,car,0.0,0.62,168,274
10,car,33.94,0.62,134,315
11,motorcycle,72.0,0.62,376,597
12,car,24.0,0.62,346,339
13,car,24.0,0.62,24,284
14,car,0.0,0.62,189,486
15,truck,0.0,0.62,189,485
17,car,24.0,0.62,260,274
18,car,33.94,0.62,119,374
19,car,33.94,0.62,384,228
20,car,33.94,0.62,207,249
21,car,33.94,0.62,300,227
25,car,0.0,0.62,83,209
26,car,24.0,0.62,278,237
27,car,24.0,0.62,255,299
28,car,24.0,0.62,227,224
29,car,48.0,0.62,10,321
30,car,24.0,0.62,348,240
31,person,24.0,0.62,186,339
33,car,24.0,0.62,354,267
37,car,120.0,0.62,257,209
39,car,24.0,0.62,415,546
42,person,98.95,0.62,353,530
44,car,24.0,0.62,42,227
46,car,0.0,0.62,64,260
48,motorcycle,33.94,0.62,355,561
53,car,0.0,0.62,13,205
55,car,0,0.62,100,238
1,car,0.0,0.67,266,578
2,car,24.0,0.67,345,661
3,car,75.89,0.67,62,672
4,car,0.0,0.67,131,438
5,car,0.0,0.67,249,383
6,car,24.0,0.67,251,334
7,car,33.94,0.67,381,391
8,car,0.0,0.67,404,422
9,car,24.0,0.67,169,274
10,car,0.0,0.67,134,315
11,motorcycle,72.0,0.67,376,600
12,car,24.0,0.67,347,339
13,car,24.0,0.67,24,285
14,car,24.0,0.67,190,486
15,truck,0.0,0.67,189,485
17,car,24.0,0.67,261,274
18,car,0.0,0.67,119,374
19,car,24.0,0.67,385,228
20,car,24.0,0.67,208,249
21,car,0.0,0.67,300,227
25,car,24.0,0.67,84,209
26,car,265.09,0.67,279,248
27,car,24.0,0.67,256,299
28,car,33.94,0.67,228,223
29,car,48.0,0.67,10,323
30,car,24.0,0.67,349,240
31,person,24.0,0.67,187,339
33,car,0.0,0.67,354,267
37,car,33.94,0.67,258,208
39,car,24.0,0.67,415,545
42,person,53.67,0.67,351,531
44,car,0.0,0.67,42,227
46,car,53.67,0.67,65,258
48,motorcycle,24.0,0.67,355,560
53,car,0.0,0.67,13,205
55,car,0.0,0.67,100,238
1,car,0.0,0.71,266,578
2,car,24.0,0.71,346,661
3,car,53.67,0.71,63,674
4,car,33.94,0.71,132,439
5,car,24.0,0.71,248,383
6,car,24.0,0.71,251,335
7,car,0.0,0.71,381,391
8,car,0.0,0.71,404,422
9,car,33.94,0.71,170,275
10,car,0.0,0.71,134,315
11,motorcycle,48.0,0.71,376,602
12,car,24.0,0.71,347,340
13,car,24.0,0.71,24,286
14,car,24.0,0.71,190,487
15,truck,33.94,0.71,190,486
17,car,33.94,0.71,262,275
18,car,33.94,0.71,120,375
19,car,0.0,0.71,385,228
20,car,48.0,0.71,210,249
21,car,0.0,0.71,300,227
25,car,0.0,0.71,84,209
26,car,24.0,0.71,280,248
27,car,0.0,0.71,256,299
28,car,24.0,0.71,229,223
29,car,24.0,0.71,10,324
30,car,24.0,0.71,350,240
31,person,0.0,0.71,187,339
33,car,24.0,0.71,354,268
37,car,0.0,0.71,258,208
39,car,33.94,0.71,414,544
42,person,67.88,0.71,349,529
44,car,24.0,0.71,42,228
46,car,33.94,0.71,66,259
48,motorcycle,67.88,0.71,353,558
53,car,0.0,0.71,13,205
55,car,0.0,0.71,100,238
1,car,24.0,0.75,266,579
2,car,33.94,0.75,347,662
3,car,53.67,0.75,64,676
4,car,24.0,0.75,132,440
5,car,48.0,0.75,246,383
6,car,24.0,0.75,252,335
7,car,0.0,0.75,381,391
8,car,0.0,0.75,404,422
9,car,24.0,0.75,171,275
10,car,24.0,0.75,135,315
11,motorcycle,75.89,0.75,377,605
12,car,24.0,0.75,348,340
13,car,24.0,0.75,24,287
14,car,0.0,0.75,190,487
15,truck,0.0,0.75,190,486
17,car,0.0,0.75,262,275
18,car,24.0,0.75,120,376
19,car,24.0,0.75,386,228
20,car,24.0,0.75,211,249
21,car,24.0,0.75,301,227
25,car,24.0,0.75,84,210
26,car,24.0,0.75,281,248
27,car,24.0,0.75,257,299
28,car,24.0,0.75,230,223
29,car,24.0,0.75,10,325
30,car,24.0,0.75,350,241
31,person,24.0,0.75,188,339
33,car,33.94,0.75,355,269
37,car,0.0,0.75,258,208
39,car,0.0,0.75,414,544
42,person,98.95,0.75,348,525
44,car,24.0,0.75,42,229
46,car,24.0,0.75,66,260
48,motorcycle,86.53,0.75,351,555
53,car,0.0,0.75,13,205
55,car,53.67,0.75,101,240
1,car,0.0,0.79,266,579
2,car,24.0,0.79,346,662
3,car,75.89,0.79,65,679
4,car,24.0,0.79,133,440
5,car,0.0,0.79,246,383
6,car,24.0,0.79,252,334
7,car,33.94,0.79,382,390
8,car,0.0,0.79,404,422
9,car,0.0,0.79,171,275
10,car,24.0,0.79,136,315
11,motorcycle,72.0,0.79,377,608
12,car,0.0,0.79,348,340
13,car,24.0,0.79,24,288
14,car,24.0,0.79,191,487
15,truck,0.0,0.79,190,486
17,car,24.0,0.79,263,275
18,car,33.94,0.79,121,377
19,car,33.94,0.79,387,229
20,car,24.0,0.79,212,249
21,car,0.0,0.79,301,227
25,car,24.0,0.79,84,209
26,car,24.0,0.79,281,249
27,car,24.0,0.79,258,299
28,car,24.0,0.79,231,223
29,car,24.0,0.79,11,325
30,car,0.0,0.79,350,241
31,person,0.0,0.79,188,339
33,car,0.0,0.79,355,269
37,car,33.94,0.79,259,209
39,car,53.67,0.79,413,542
42,person,33.94,0.79,347,524
44,car,24.0,0.79,42,230
46,car,24.0,0.79,67,260
48,motorcycle,53.67,0.79,349,554
53,car,0.0,0.79,13,205
55,car,24.0,0.79,102,240
1,car,24.0,0.83,267,579
2,car,33.94,0.83,345,661
3,car,98.95,0.83,66,683
4,car,0.0,0.83,133,440
5,car,24.0,0.83,246,382
6,car,33.94,0.83,253,333
7,car,0.0,0.83,382,390
8,car,24.0,0.83,404,421
9,car,24.0,0.83,172,275
10,car,33.94,0.83,137,316
11,motorcycle,48.0,0.83,377,610
12,car,0.0,0.83,348,340
13,car,0.0,0.83,24,288
14,car,0.0,0.83,191,487
15,truck,24.0,0.83,191,486
17,car,24.0,0.83,264,275
18,car,0.0,0.83,121,377
19,car,24.0,0.83,388,229
20,car,24.0,0.83,213,249
21,car,24.0,0.83,302,227
25,car,33.94,0.83,83,208
26,car,48.0,0.83,283,249
27,car,33.94,0.83,259,300
28,car,53.67,0.83,232,225
29,car,0.0,0.83,11,325
30,car,33.94,0.83,351,242
31,person,24.0,0.83,189,339
33,car,24.0,0.83,355,270
37,car,0.0,0.83,259,209
39,car,0.0,0.83,413,542
42,person,139.94,0.83,344,519
44,car,0.0,0.83,42,230
46,car,0.0,0.83,67,260
48,motorcycle,53.67,0.83,347,553
53,car,0.0,0.83,13,205
55,car,0.0,0.83,102,240
60,car,0,0.83,121,176
1,car,24.0,0.88,267,580
2,car,0.0,0.88,345,661
3,car,67.88,0.88,68,685
4,car,0.0,0.88,133,440
5,car,72.0,0.88,249,382
6,car,24.0,0.88,253,334
7,car,24.0,0.88,383,390
8,car,0.0,0.88,404,421
9,car,24.0,0.88,173,275
10,car,24.0,0.88,138,316
11,motorcycle,72.0,0.88,377,613
12,car,24.0,0.88,349,340
13,car,0.0,0.88,24,288
14,car,24.0,0.88,191,488
15,truck,0.0,0.88,191,486
17,car,33.94,0.88,265,276
18,car,24.0,0.88,122,377
19,car,0.0,0.88,388,229
20,car,0.0,0.88,213,249
21,car,24.0,0.88,302,228
25,car,24.0,0.88,83,207
26,car,24.0,0.88,284,249
27,car,564.89,0.88,264,277
28,car,0.0,0.88,232,225
29,car,24.0,0.88,11,326
30,car,0.0,0.88,351,242
31,person,0.0,0.88,189,339
33,car,24.0,0.88,355,271
37,car,24.0,0.88,260,209
39,car,24.0,0.88,412,542
42,person,107.33,0.88,342,515
44,car,0.0,0.88,42,230
46,car,24.0,0.88,67,261
48,motorcycle,33.94,0.88,346,552
53,car,24.0,0.88,12,205
55,car,24.0,0.88,103,240
60,car,24.0,0.88,121,177
1,car,0.0,0.92,267,580
2,car,24.0,0.92,345,662
3,car,33.94,0.92,69,686
4,car,24.0,0.92,134,440
5,car,24.0,0.92,250,382
6,car,33.94,0.92,254,335
7,car,24.0,0.92,383,389
8,car,0.0,0.92,404,421
9,car,33.94,0.92,174,276
10,car,24.0,0.92,139,316
11,motorcycle,72.0,0.92,377,616
12,car,0.0,0.92,349,340
13,car,24.0,0.92,24,289
14,car,0.0,0.92,191,488
15,truck,0.0,0.92,191,486
17,car,24.0,0.92,266,276
18,car,33.94,0.92,123,376
19,car,0.0,0.92,388,229
20,car,0.0,0.92,213,249
21,car,24.0,0.92,303,228
25,car,122.38,0.92,84,212
26,car,0.0,0.92,284,249
27,car,24.0,0.92,265,277
28,car,33.94,0.92,233,226
29,car,24.0,0.92,11,327
30,car,24.0,0.92,351,243
31,person,24.0,0.92,190,339
33,car,0.0,0.92,355,271
37,car,33.94,0.92,261,210
39,car,24.0,0.92,412,543
42,person,75.89,0.92,341,512
44,car,33.94,0.92,43,231
46,car,24.0,0.92,67,262
48,motorcycle,33.94,0.92,345,551
53,car,0.0,0.92,12,205
55,car,24.0,0.92,103,241
60,car,24.0,0.92,122,177
64,person,0,0.92,81,656
1,car,24.0,0.96,267,579
2,car,53.67,0.96,344,664
3,car,53.67,0.96,70,688
4,car,0.0,0.96,134,440
5,car,24.0,0.96,251,382
6,car,0.0,0.96,254,335
7,car,24.0,0.96,384,389
8,car,33.94,0.96,405,422
9,car,24.0,0.96,175,276
10,car,24.0,0.96,139,317
11,motorcycle,75.89,0.96,378,619
12,car,24.0,0.96,350,340
13,car,33.94,0.96,25,290
14,car,0.0,0.96,191,488
15,truck,24.0,0.96,191,487
17,car,24.0,0.96,267,276
18,car,0.0,0.96,123,376
19,car,33.94,0.96,389,230
20,car,24.0,0.96,214,249
21,car,24.0,0.96,304,228
25,car,53.67,0.96,85,214
26,car,33.94,0.96,285,250
27,car,24.0,0.96,266,277
28,car,0.0,0.96,233,226
29,car,24.0,0.96,11,328
30,car,24.0,0.96,352,243
31,person,0.0,0.96,190,339
33,car,24.0,0.96,355,272
37,car,98.95,0.96,265,209
39,car,33.94,0.96,411,544
42,person,75.89,0.96,340,515
44,car,24.0,0.96,43,232
46,car,24.0,0.96,67,263
48,motorcycle,33.94,0.96,344,550
53,car,0.0,0.96,12,205
55,car,0.0,0.96,103,241
60,car,0.0,0.96,122,177
64,person,53.67,0.96,82,658
1,car,0.0,1.0,267,579
2,car,24.0,1.0,344,665
3,car,75.89,1.0,71,691
4,car,24.0,1.0,135,440
5,car,48.0,1.0,253,382
6,car,0.0,1.0,254,335
7,car,0.0,1.0,384,389
8,car,24.0,1.0,405,421
9,car,33.94,1.0,176,277
10,car,33.94,1.0,140,316
11,motorcycle,48.0,1.0,378,621
12,car,0.0,1.0,350,340
13,car,24.0,1.0,25,291
14,car,33.94,1.0,192,489
15,truck,24.0,1.0,192,487
17,car,24.0,1.0,268,276
18,car,24.0,1.0,124,376
19,car,0.0,1.0,389,230
20,car,24.0,1.0,215,249
21,car,24.0,1.0,305,228
25,car,24.0,1.0,85,215
26,car,24.0,1.0,286,250
27,car,33.94,1.0,267,276
28,car,24.0,1.0,234,226
29,car,24.0,1.0,11,327
30,car,24.0,1.0,353,243
31,person,24.0,1.0,191,339
33,car,24.0,1.0,355,273
37,car,24.0,1.0,266,209
39,car,0.0,1.0,411,544
42,person,48.0,1.0,338,515
44,car,0.0,1.0,43,232
46,car,24.0,1.0,67,264
48,motorcycle,75.89,1.0,341,549
53,car,0.0,1.0,12,205
55,car,0.0,1.0,103,241
60,car,53.67,1.0,124,178
64,person,53.67,1.0,84,659
1,car,48.0,1.04,267,581
2,car,24.0,1.04,345,665
3,car,53.67,1.04,73,692
4,car,24.0,1.04,135,439
5,car,0.0,1.04,253,382
6,car,24.0,1.04,255,335
7,car,24.0,1.04,384,390
8,car,0.0,1.04,405,421
9,car,24.0,1.04,176,276
10,car,24.0,1.04,141,316
11,motorcycle,72.0,1.04,378,624
12,car,24.0,1.04,351,340
13,car,0.0,1.04,25,291
14,truck,24.0,1.04,192,488
15,car,24.0,1.04,192,488
17,car,24.0,1.04,269,276
18,car,24.0,1.04,124,375
19,car,24.0,1.04,390,230
20,car,24.0,1.04,215,250
21,car,24.0,1.04,305,227
25,car,0.0,1.04,85,215
26,car,24.0,1.04,287,250
27,car,33.94,1.04,268,275
28,car,33.94,1.04,235,227
29,car,24.0,1.04,11,328
30,car,24.0,1.04,354,243
31,person,0.0,1.04,191,339
33,car,0.0,1.04,355,273
37,car,24.0,1.04,266,210
39,car,0.0,1.04,411,544
42,person,24.0,1.04,338,514
44,car,0.0,1.04,43,232
46,car,0.0,1.04,67,264
48,motorcycle,53.67,1.04,340,547
53,car,0.0,1.04,12,205
55,car,53.67,1.04,105,242
60,car,0.0,1.04,124,178
64,person,72.0,1.04,84,662
1,car,24.0,1.08,268,581
2,car,0.0,1.08,345,665
3,car,53.67,1.08,74,694
4,car,0.0,1.08,135,439
5,car,33.94,1.08,254,381
6,car,0.0,1.08,255,335
7,car,33.94,1.08,385,389
8,car,24.0,1.08,405,422
9,car,24.0,1.08,177,276
10,car,24.0,1.08,142,316
11,motorcycle,72.0,1.08,378,627
12,car,24.0,1.08,351,339
13,car,24.0,1.08,25,292
14,truck,0.0,1.08,192,488
15,car,33.94,1.08,193,489
17,car,762.73,1.08,262,307
18,car,48.0,1.08,126,375
19,car,0.0,1.08,390,230
20,car,24.0,1.08,216,250
21,car,24.0,1.08,305,226
25,car,24.0,1.08,85,216
26,car,0.0,1.08,287,250
27,car,33.94,1.08,269,274
28,car,24.0,1.08,236,227
29,car,0.0,1.08,11,328
30,car,0.0,1.08,354,243
31,person,24.0,1.08,192,339
33,car,24.0,1.08,355,274
37,car,24.0,1.08,265,210
39,car,24.0,1.08,410,544
42,person,53.67,1.08,336,515
44,car,24.0,1.08,43,233
46,car,0.0,1.08,67,264
48,motorcycle,53.67,1.08,339,545
53,car,0.0,1.08,12,205
55,car,0.0,1.08,105,242
60,car,24.0,1.08,125,178
64,person,86.53,1.08,87,664
1,car,0.0,1.12,268,581
2,car,24.0,1.12,345,666
3,car,24.0,1.12,75,694
4,car,24.0,1.12,136,439
5,car,0.0,1.12,254,381
6,car,0.0,1.12,255,335
7,car,24.0,1.12,385,388
8,car,24.0,1.12,405,421
9,car,24.0,1.12,178,276
10,car,24.0,1.12,142,317
11,motorcycle,48.0,1.12,378,629
12,car,24.0,1.12,352,339
13,car,0.0,1.12,25,292
14,truck,0.0,1.12,192,488
15,car,0.0,1.12,193,489
17,car,48.0,1.12,262,309
18,car,48.0,1.12,128,375
19,car,24.0,1.12,391,230
20,car,0.0,1.12,216,250
21,car,24.0,1.12,306,226
25,car,24.0,1.12,86,216
26,car,24.0,1.12,288,250
27,car,33.94,1.12,270,273
28,car,0.0,1.12,236,227
29,car,24.0,1.12,11,329
30,car,24.0,1.12,355,243
31,person,24.0,1.12,192,338
33,car,33.94,1.12,356,275
37,car,48.0,1.12,265,212
39,car,24.0,1.12,410,543
42,person,75.89,1.12,335,518
44,car,24.0,1.12,43,234
46,car,24.0,1.12,67,265
48,motorcycle,67.88,1.12,337,543
53,car,0.0,1.12,12,205
55,car,24.0,1.12,106,242
60,car,24.0,1.12,126,178
64,person,67.88,1.12,89,666
68,car,0,1.12,7,529
1,car,24.0,1.17,268,582
2,car,24.0,1.17,346,666
3,car,33.94,1.17,76,695
4,car,0.0,1.17,136,439
5,car,33.94,1.17,255,380
6,car,24.0,1.17,256,335
7,car,24.0,1.17,386,388
8,car,0.0,1.17,405,421
9,car,33.94,1.17,179,275
10,car,24.0,1.17,143,317
11,motorcycle,72.0,1.17,378,632
12,car,0.0,1.17,352,339
13,car,0.0,1.17,25,292
14,truck,0.0,1.17,192,488
15,car,24.0,1.17,193,490
17,car,53.67,1.17,263,307
18,car,48.0,1.17,130,375
19,car,33.94,1.17,392,231
20,car,48.0,1.17,218,250
21,car,0.0,1.17,306,226
25,car,0.0,1.17,86,216
26,car,33.94,1.17,289,251
27,car,53.67,1.17,271,271
28,car,33.94,1.17,237,228
29,car,24.0,1.17,11,330
30,car,0.0,1.17,355,243
31,person,24.0,1.17,193,338
33,car,0.0,1.17,356,275
37,car,24.0,1.17,265,213
39,car,24.0,1.17,409,543
42,person,145.99,1.17,334,512
44,car,24.0,1.17,44,234
46,car,24.0,1.17,67,266
48,motorcycle,24.0,1.17,336,543
53,car,0.0,1.17,12,205
55,car,24.0,1.17,106,243
60,car,0.0,1.17,126,178
64,person,53.67,1.17,90,668
68,car,24.0,1.17,7,530
1,car,0.0,1.21,268,582
2,car,24.0,1.21,346,665
3,car,33.94,1.21,77,696
4,car,0.0,1.21,136,439
5,car,0.0,1.21,255,380
6,car,24.0,1.21,257,335
7,car,0.0,1.21,386,388
8,car,0.0,1.21,405,421
9,car,24.0,1.21,180,275
10,car,24.0,1.21,144,317
11,motorcycle,75.89,1.21,379,635
12,car,33.94,1.21,353,340
13,car,0.0,1.21,25,292
14,truck,0.0,1.21,192,488
15,car,0.0,1.21,193,490
17,car,0.0,1.21,263,307
18,car,24.0,1.21,129,375
19,car,24.0,1.21,392,232
20,car,0.0,1.21,218,250
21,car,75.89,1.21,307,229
25,car,33.94,1.21,85,217
26,car,24.0,1.21,290,251
27,car,33.94,1.21,272,270
28,car,24.0,1.21,238,228
29,car,24.0,1.21,12,330
30,car,33.94,1.21,356,244
31,motorcycle,0.0,1.21,193,338
33,car,24.0,1.21,356,276
37,car,0.0,1.21,265,213
39,car,0.0,1.21,409,543
42,person,48.0,1.21,332,512
44,car,33.94,1.21,43,235
46,car,24.0,1.21,66,266
48,motorcycle,53.67,1.21,335,541
53,car,0.0,1.21,12,205
55,car,24.0,1.21,106,244
60,car,33.94,1.21,127,179
64,person,67.88,1.21,92,670
68,car,0.0,1.21,7,530
1,car,24.0,1.25,268,583
2,car,24.0,1.25,347,665
3,car,33.94,1.25,78,697
4,car,33.94,1.25,137,438
5,car,0.0,1.25,255,380
6,car,24.0,1.25,258,335
7,car,33.94,1.25,385,387
8,car,0.0,1.25,405,421
9,car,33.94,1.25,181,276
10,car,24.0,1.25,145,317
11,motorcycle,72.0,1.25,379,638
12,car,0.0,1.25,353,340
13,car,24.0,1.25,25,293
14,truck,0.0,1.25,192,488
15,car,24.0,1.25,193,489
17,car,0.0,1.25,263,307
18,car,0.0,1.25,129,375
19,car,24.0,1.25,393,232
20,car,24.0,1.25,219,250
21,car,67.88,1.25,309,231
25,car,24.0,1.25,85,218
26,car,24.0,1.25,291,251
27,car,192.0,1.25,272,278
28,car,48.0,1.25,240,228
29,car,24.0,1.25,12,331
30,car,0.0,1.25,356,244
31,motorcycle,24.0,1.25,194,338
33,car,461.02,1.25,371,264
37,car,0.0,1.25,265,213
39,car,24.0,1.25,409,542
42,person,33.94,1.25,331,511
44,car,33.94,1.25,42,236
46,car,33.94,1.25,67,265
48,motorcycle,53.67,1.25,333,540
53,car,0.0,1.25,12,205
55,car,0.0,1.25,106,244
60,car,33.94,1.25,126,180
64,person,67.88,1.25,94,672
68,car,75.89,1.25,8,533
70,person,0,1.25,331,496
1,car,33.94,1.29,267,582
2,car,0.0,1.29,347,665
3,car,53.67,1.29,80,698
4,car,0.0,1.29,137,438
5,car,33.94,1.29,256,379
6,car,0.0,1.29,258,335
7,car,0.0,1.29,385,387
8,car,0.0,1.29,405,421
9,car,33.94,1.29,182,275
10,car,0.0,1.29,145,317
11,motorcycle,48.0,1.29,379,640
12,car,24.0,1.29,354,340
13,car,0.0,1.29,25,293
14,car,24.0,1.29,193,488
15,truck,24.0,1.29,193,488
17,car,24.0,1.29,264,307
18,car,24.0,1.29,129,374
19,car,24.0,1.29,394,232
20,car,0.0,1.29,219,250
21,car,24.0,1.29,310,231
25,car,0.0,1.29,85,218
26,car,0.0,1.29,291,251
27,car,24.0,1.29,273,278
28,car,0.0,1.29,240,228
29,car,24.0,1.29,12,332
30,car,0.0,1.29,356,244
31,motorcycle,0.0,1.29,194,338
33,car,24.0,1.29,372,264
37,car,33.94,1.29,266,214
39,car,33.94,1.29,408,541
42,person,33.94,1.29,330,510
44,car,0.0,1.29,42,236
46,car,24.0,1.29,67,264
48,motorcycle,33.94,1.29,332,539
53,car,0.0,1.29,12,205
55,car,0.0,1.29,106,244
60,car,0.0,1.29,126,180
64,person,53.67,1.29,95,674
68,car,33.94,1.29,9,534
70,person,48.0,1.29,329,496
1,car,0.0,1.33,267,582
2,car,0.0,1.33,347,665
3,car,33.94,1.33,81,699
4,car,0.0,1.33,137,438
5,car,0.0,1.33,256,379
6,car,24.0,1.33,259,335
7,car,0.0,1.33,385,387
8,car,0.0,1.33,405,421
9,car,24.0,1.33,183,275
10,car,24.0,1.33,146,317
11,motorcycle,72.0,1.33,379,643
12,car,0.0,1.33,354,340
13,car,24.0,1.33,25,294
14,car,0.0,1.33,193,488
15,truck,24.0,1.33,193,487
17,car,33.94,1.33,265,308
18,car,0.0,1.33,129,374
19,car,0.0,1.33,394,232
20,car,0.0,1.33,219,250
21,car,0.0,1.33,310,231
25,car,0.0,1.33,85,218
26,car,24.0,1.33,292,251
27,car,0.0,1.33,273,278
28,car,0.0,1.33,240,228
29,car,0.0,1.33,12,332
30,car,0.0,1.33,356,244
31,motorcycle,24.0,1.33,195,338
33,car,24.0,1.33,373,264
37,car,24.0,1.33,266,213
39,car,0.0,1.33,408,541
42,person,24.0,1.33,329,510
44,car,0.0,1.33,42,236
46,car,33.94,1.33,68,265
48,motorcycle,67.88,1.33,330,537
53,car,24.0,1.33,12,206
55,car,0.0,1.33,106,244
60,car,0.0,1.33,126,180
64,person,67.88,1.33,97,676
68,car,24.0,1.33,9,535
70,person,0.0,1.33,329,496
72,car,0,1.33,10,524
1,car,24.0,1.38,267,581
2,car,33.94,1.38,348,664
3,car,33.94,1.38,82,700
4,car,0.0,1.38,137,438
5,car,24.0,1.38,256,380
6,car,0.0,1.38,259,335
7,car,24.0,1.38,384,387
8,car,0.0,1.38,405,421
9,car,0.0,1.38,183,275
10,car,33.94,1.38,147,316
11,motorcycle,72.0,1.38,379,646
12,car,24.0,1.38,355,340
13,car,0.0,1.38,25,294
14,car,24.0,1.38,193,487
15,truck,24.0,1.38,193,486
17,car,24.0,1.38,265,309
18,car,24.0,1.38,129,373
19,car,24.0,1.38,395,232
20,car,24.0,1.38,220,250
21,car,24.0,1.38,310,230
25,car,0.0,1.38,85,218
26,car,0.0,1.38,292,251
27,car,0.0,1.38,273,278
28,car,24.0,1.38,241,228
29,car,0.0,1.38,12,332
30,car,0.0,1.38,356,244
31,motorcycle,0.0,1.38,195,338
33,car,0.0,1.38,373,264
37,car,24.0,1.38,266,214
39,car,24.0,1.38,407,541
42,person,75.89,1.38,326,511
44,car,33.94,1.38,41,237
46,car,24.0,1.38,68,266
48,motorcycle,86.53,1.38,328,534
53,car,0.0,1.38,12,206
55,car,24.0,1.38,106,245
60,car,33.94,1.38,127,181
64,person,53.67,1.38,98,678
68,car,24.0,1.38,9,536
70,backpack,75.89,1.38,328,493
72,car,24.0,1.38,10,525
1,car,0.0,1.42,267,581
2,car,53.67,1.42,347,666
3,car,33.94,1.42,83,701
4,car,0.0,1.42,137,438
5,car,33.94,1.42,257,379
6,car,24.0,1.42,260,335
7,car,0.0,1.42,384,387
8,car,24.0,1.42,405,420
9,car,24.0,1.42,184,275
10,car,33.94,1.42,148,315
11,motorcycle,53.67,1.42,380,648
12,car,0.0,1.42,355,340
13,car,24.0,1.42,25,295
14,car,0.0,1.42,193,487
15,truck,0.0,1.42,193,486
17,car,33.94,1.42,266,310
18,car,24.0,1.42,130,373
19,car,0.0,1.42,395,232
20,car,24.0,1.42,220,251
21,car,48.0,1.42,310,228
25,car,24.0,1.42,85,219
26,car,0.0,1.42,292,251
27,car,24.0,1.42,273,279
28,car,0.0,1.42,241,228
29,car,33.94,1.42,13,333
30,car,33.94,1.42,357,243
31,motorcycle,33.94,1.42,196,337
33,car,0.0,1.42,373,264
37,car,24.0,1.42,267,214
39,car,24.0,1.42,407,540
42,person,0.0,1.42,326,511
44,car,0.0,1.42,41,237
46,car,24.0,1.42,68,267
48,motorcycle,33.94,1.42,327,533
53,car,0.0,1.42,12,206
55,car,0.0,1.42,106,245
60,car,0.0,1.42,127,181
64,person,67.88,1.42,100,680
68,car,24.0,1.42,10,536
70,backpack,24.0,1.42,328,492
72,car,24.0,1.42,10,526
1,car,0.0,1.46,267,581
2,car,24.0,1.46,347,667
3,car,53.67,1.46,85,702
4,car,0.0,1.46,137,438
5,car,24.0,1.46,257,378
6,car,24.0,1.46,260,334
7,car,24.0,1.46,383,387
8,car,0.0,1.46,405,420
9,car,0.0,1.46,184,275
10,car,24.0,1.46,149,315
11,motorcycle,72.0,1.46,380,651
12,car,0.0,1.46,355,340
13,car,0.0,1.46,25,295
14,car,33.94,1.46,194,486
15,truck,33.94,1.46,194,485
17,car,72.0,1.46,266,307
18,car,24.0,1.46,131,373
19,car,24.0,1.46,395,233
20,car,24.0,1.46,220,252
21,car,33.94,1.46,311,229
25,car,0.0,1.46,85,219
26,car,24.0,1.46,293,251
27,car,24.0,1.46,274,279
28,car,24.0,1.46,241,229
29,car,0.0,1.46,13,333
30,car,0.0,1.46,357,243
31,motorcycle,0.0,1.46,196,337
33,car,0.0,1.46,373,264
37,car,0.0,1.46,267,214
39,car,48.0,1.46,407,538
42,person,53.67,1.46,324,510
44,car,0.0,1.46,41,237
46,car,33.94,1.46,69,268
48,motorcycle,33.94,1.46,326,532
53,car,0.0,1.46,12,206
55,car,0.0,1.46,106,245
60,car,24.0,1.46,128,181
64,person,193.49,1.46,107,684
68,car,24.0,1.46,10,537
70,person,122.38,1.46,323,491
72,car,24.0,1.46,11,526
1,car,0.0,1.5,267,581
2,car,0.0,1.5,347,667
3,car,53.67,1.5,87,703
4,car,0.0,1.5,137,438
5,car,24.0,1.5,258,378
6,car,24.0,1.5,261,334
7,car,0.0,1.5,383,387
8,car,24.0,1.5,405,419
9,car,24.0,1.5,185,275
10,car,0.0,1.5,149,315
11,motorcycle,72.0,1.5,380,654
12,car,24.0,1.5,356,340
13,car,24.0,1.5,25,296
14,car,0.0,1.5,194,486
15,truck,0.0,1.5,194,485
17,car,33.94,1.5,267,308
18,car,24.0,1.5,130,373
19,car,0.0,1.5,395,233
20,car,24.0,1.5,221,252
21,car,0.0,1.5,311,229
25,car,24.0,1.5,84,219
26,car,24.0,1.5,294,251
27,car,24.0,1.5,274,280
28,car,24.0,1.5,242,229
29,car,24.0,1.5,13,334
30,car,0.0,1.5,357,243
31,motorcycle,24.0,1.5,197,337
33,car,24.0,1.5,374,264
37,car,24.0,1.5,267,215
39,car,24.0,1.5,406,538
42,person,33.94,1.5,323,509
44,car,24.0,1.5,42,237
46,car,24.0,1.5,69,269
48,motorcycle,53.67,1.5,324,531
53,car,0.0,1.5,12,206
55,car,24.0,1.5,107,245
60,car,24.0,1.5,128,182
64,person,120.0,1.5,111,687
68,car,33.94,1.5,11,538
70,person,98.95,1.5,322,495
72,car,53.67,1.5,13,527
1,car,24.0,1.54,266,581
2,car,24.0,1.54,347,666
3,car,75.89,1.54,90,704
4,car,0.0,1.54,137,438
5,car,33.94,1.54,257,377
6,car,33.94,1.54,262,333
7,car,0.0,1.54,383,387
8,car,24.0,1.54,405,418
9,car,24.0,1.54,186,275
10,car,24.0,1.54,150,315
11,motorcycle,48.0,1.54,380,656
12,car,0.0,1.54,356,340
13,car,24.0,1.54,25,297
14,car,0.0,1.54,194,486
15,truck,0.0,1.54,194,485
17,car,24.0,1.54,267,309
18,car,0.0,1.54,130,373
19,car,33.94,1.54,396,232
20,car,53.67,1.54,223,251
21,car,24.0,1.54,312,229
25,car,0.0,1.54,84,219
26,car,24.0,1.54,295,251
27,car,24.0,1.54,275,280
28,car,0.0,1.54,242,229
29,car,0.0,1.54,13,334
30,car,0.0,1.54,357,243
31,motorcycle,0.0,1.54,197,337
33,car,0.0,1.54,374,264
37,car,24.0,1.54,268,215
39,car,24.0,1.54,406,537
42,person,53.67,1.54,321,510
44,car,24.0,1.54,42,238
46,car,0.0,1.54,69,269
48,motorcycle,33.94,1.54,323,530
53,car,24.0,1.54,11,206
55,car,24.0,1.54,107,244
60,car,24.0,1.54,129,182
64,person,53.67,1.54,113,688
68,car,24.0,1.54,11,539
70,person,33.94,1.54,321,494
72,car,33.94,1.54,12,528
1,car,24.0,1.58,266,580
2,car,0.0,1.58,347,666
3,car,53.67,1.58,92,705
4,car,0.0,1.58,137,438
5,car,33.94,1.58,258,376
6,car,0.0,1.58,262,333
7,car,0.0,1.58,383,387
8,car,24.0,1.58,405,417
9,car,0.0,1.58,186,275
10,car,0.0,1.58,150,315
12,car,0.0,1.58,356,340
13,car,24.0,1.58,25,298
14,car,0.0,1.58,194,486
15,truck,0.0,1.58,194,485
17,car,33.94,1.58,268,310
18,car,24.0,1.58,131,373
19,car,0.0,1.58,396,232
20,car,0.0,1.58,223,251
21,car,24.0,1.58,313,229
25,car,24.0,1.58,84,220
26,car,0.0,1.58,295,251
27,car,24.0,1.58,275,279
28,car,0.0,1.58,242,229
29,car,48.0,1.58,13,336
30,car,24.0,1.58,358,243
31,motorcycle,24.0,1.58,198,337
33,car,24.0,1.58,375,264
37,car,0.0,1.58,268,215
39,car,33.94,1.58,405,536
42,person,33.94,1.58,320,509
44,car,0.0,1.58,42,238
46,car,0.0,1.58,69,269
48,motorcycle,53.67,1.58,321,529
53,car,0.0,1.58,11,206
55,car,0.0,1.58,107,244
60,car,0.0,1.58,129,182
64,person,67.88,1.58,115,690
68,car,24.0,1.58,12,539
70,person,53.67,1.58,319,495
72,car,33.94,1.58,13,529
74,car,0,1.58,366,313
1,car,0.0,1.62,266,580
2,car,0.0,1.62,347,666
3,car,53.67,1.62,94,706
4,car,24.0,1.62,138,438
5,car,72.0,1.62,258,373
6,car,24.0,1.62,262,332
7,car,24.0,1.62,384,387
8,car,0.0,1.62,405,417
9,car,0.0,1.62,186,275
10,car,0.0,1.62,150,315
12,car,24.0,1.62,356,341
13,car,0.0,1.62,25,298
14,car,0.0,1.62,194,486
15,truck,0.0,1.62,194,485
17,car,0.0,1.62,268,310
18,car,24.0,1.62,131,372
19,car,33.94,1.62,397,233
20,car,0.0,1.62,223,251
21,car,33.94,1.62,312,228
25,car,0.0,1.62,84,220
26,car,0.0,1.62,295,251
27,car,0.0,1.62,275,279
28,car,0.0,1.62,242,229
29,car,24.0,1.62,13,335
30,car,0.0,1.62,358,243
31,person,144.0,1.62,198,331
33,car,0.0,1.62,375,264
37,car,33.94,1.62,269,216
39,car,24.0,1.62,405,535
42,person,197.91,1.62,318,501
44,car,24.0,1.62,42,239
46,car,24.0,1.62,69,270
48,motorcycle,53.67,1.62,320,527
53,car,0.0,1.62,11,206
55,car,0.0,1.62,107,244
60,car,0.0,1.62,129,182
64,person,86.53,1.62,117,693
68,car,24.0,1.62,12,540
70,person,24.0,1.62,318,495
72,car,24.0,1.62,12,529
74,car,24.0,1.62,367,313
1,car,0.0,1.67,266,580
2,car,48.0,1.67,347,664
3,car,53.67,1.67,96,707
4,car,0.0,1.67,138,438
5,car,24.0,1.67,258,374
6,car,24.0,1.67,263,332
7,car,24.0,1.67,384,386
8,car,0.0,1.67,405,417
9,car,24.0,1.67,187,275
10,car,24.0,1.67,151,315
12,car,0.0,1.67,356,341
13,car,0.0,1.67,25,298
14,car,0.0,1.67,194,486
15,truck,24.0,1.67,194,486
17,car,33.94,1.67,269,311
18,car,0.0,1.67,131,372
19,car,0.0,1.67,397,233
20,car,24.0,1.67,224,251
21,car,0.0,1.67,312,228
25,car,0.0,1.67,84,220
26,car,24.0,1.67,296,251
27,car,0.0,1.67,275,279
28,car,24.0,1.67,243,229
29,car,24.0,1.67,13,336
30,car,0.0,1.67,358,243
31,person,24.0,1.67,199,331
33,car,24.0,1.67,376,264
37,car,0.0,1.67,269,216
39,car,24.0,1.67,404,535
42,person,75.89,1.67,317,498
44,car,0.0,1.67,42,239
46,car,0.0,1.67,69,270
48,motorcycle,53.67,1.67,319,525
53,car,0.0,1.67,11,206
55,car,24.0,1.67,107,245
60,car,33.94,1.67,130,183
64,person,86.53,1.67,120,695
68,car,24.0,1.67,12,541
70,person,24.0,1.67,317,495
72,car,24.0,1.67,13,529
74,car,0.0,1.67,367,313
1,car,0.0,1.71,266,580
2,car,33.94,1.71,348,663
3,car,53.67,1.71,98,708
4,car,0.0,1.71,138,438
5,car,24.0,1.71,259,374
6,car,0.0,1.71,263,332
7,car,24.0,1.71,385,386
8,car,0.0,1.71,405,417
9,car,33.94,1.71,188,274
10,car,0.0,1.71,151,315
12,car,0.0,1.71,356,341
13,car,24.0,1.71,25,299
14,car,0.0,1.71,194,486
15,truck,0.0,1.71,194,486
17,car,24.0,1.71,269,312
18,car,0.0,1.71,131,372
19,car,24.0,1.71,398,233
20,car,24.0,1.71,225,251
21,car,24.0,1.71,312,229
25,car,0.0,1.71,84,220
26,car,0.0,1.71,296,251
27,car,24.0,1.71,276,279
28,car,0.0,1.71,243,229
29,car,0.0,1.71,13,336
30,car,0.0,1.71,358,243
31,person,33.94,1.71,200,330
33,car,0.0,1.71,376,264
37,car,0.0,1.71,269,216
39,car,24.0,1.71,404,534
42,person,151.79,1.71,315,492
44,car,0.0,1.71,42,239
46,car,24.0,1.71,69,271
48,motorcycle,48.0,1.71,317,525
53,car,0.0,1.71,11,206
55,car,24.0,1.71,107,244
60,car,0.0,1.71,130,183
64,person,53.67,1.71,122,696
68,car,24.0,1.71,13,541
70,person,48.0,1.71,315,495
72,car,24.0,1.71,14,529
74,car,0.0,1.71,367,313
1,car,33.94,1.75,265,579
2,car,24.0,1.75,348,664
3,car,48.0,1.75,100,708
4,car,24.0,1.75,138,437
5,car,48.0,1.75,259,372
6,car,0.0,1.75,263,332
7,car,0.0,1.75,385,386
8,car,0.0,1.75,405,417
9,car,24.0,1.75,189,274
10,car,24.0,1.75,151,314
12,car,24.0,1.75,357,341
13,car,0.0,1.75,25,299
14,car,0.0,1.75,194,486
15,truck,24.0,1.75,195,486
17,car,24.0,1.75,270,312
18,car,24.0,1.75,132,372
19,car,0.0,1.75,398,233
20,car,24.0,1.75,224,251
21,car,24.0,1.75,313,229
25,car,24.0,1.75,84,221
26,car,0.0,1.75,296,251
27,car,53.67,1.75,278,278
28,car,0.0,1.75,243,229
29,car,0.0,1.75,13,336
30,car,0.0,1.75,358,243
31,person,0.0,1.75,200,330
33,car,24.0,1.75,377,264
37,car,33.94,1.75,270,217
39,car,33.94,1.75,403,533
42,person,86.53,1.75,313,489
44,car,24.0,1.75,41,239
46,car,0.0,1.75,69,271
48,motorcycle,33.94,1.75,316,524
53,car,0.0,1.75,11,206
55,car,33.94,1.75,108,245
60,car,24.0,1.75,131,183
64,person,67.88,1.75,124,698
68,car,24.0,1.75,13,542
70,person,24.0,1.75,314,495
72,car,48.0,1.75,14,531
74,car,24.0,1.75,368,313
1,car,24.0,1.79,265,578
2,car,0.0,1.79,348,664
3,car,24.0,1.79,100,709
4,car,24.0,1.79,139,437
5,car,24.0,1.79,259,371
6,car,24.0,1.79,264,332
7,car,0.0,1.79,385,386
8,car,0.0,1.79,405,417
9,car,33.94,1.79,190,275
10,car,24.0,1.79,152,314
12,car,0.0,1.79,357,341
13,car,0.0,1.79,25,299
14,car,0.0,1.79,194,486
15,truck,24.0,1.79,195,485
17,car,24.0,1.79,270,313
18,car,24.0,1.79,132,371
19,car,24.0,1.79,399,233
20,car,24.0,1.79,225,251
21,car,24.0,1.79,314,229
25,car,0.0,1.79,84,221
26,car,0.0,1.79,296,251
27,car,24.0,1.79,279,278
28,car,24.0,1.79,244,229
29,car,24.0,1.79,13,337
30,car,0.0,1.79,358,243
31,person,33.94,1.79,201,329
33,car,0.0,1.79,377,264
37,car,0.0,1.79,270,217
39,car,24.0,1.79,403,532
42,person,53.67,1.79,311,490
44,car,24.0,1.79,40,239
46,car,0.0,1.79,69,271
48,motorcycle,53.67,1.79,314,523
53,car,0.0,1.79,11,206
55,car,0.0,1.79,108,245
60,car,0.0,1.79,131,183
64,person,67.88,1.79,126,700
68,car,33.94,1.79,14,543
70,person,339.41,1.79,312,481
72,car,24.0,1.79,14,532
74,car,0.0,1.79,368,313
1,car,24.0,1.83,265,577
2,car,0.0,1.83,348,664
3,car,75.89,1.83,103,710
4,car,0.0,1.83,139,437
5,car,24.0,1.83,259,370
6,car,0.0,1.83,264,332
7,car,24.0,1.83,385,385
8,car,24.0,1.83,405,416
9,car,0.0,1.83,190,275
10,car,0.0,1.83,152,314
12,car,0.0,1.83,357,341
13,car,24.0,1.83,25,300
14,car,24.0,1.83,194,485
15,truck,0.0,1.83,195,485
17,car,33.94,1.83,271,314
18,car,24.0,1.83,133,371
19,car,0.0,1.83,399,233
20,car,24.0,1.83,225,252
21,car,24.0,1.83,315,229
25,car,0.0,1.83,84,221
26,car,24.0,1.83,297,251
27,car,24.0,1.83,280,278
28,car,0.0,1.83,244,229
29,car,0.0,1.83,13,337
30,car,0.0,1.83,358,243
31,person,0.0,1.83,201,329
33,car,24.0,1.83,378,264
37,car,24.0,1.83,271,217
39,car,48.0,1.83,403,530
42,person,33.94,1.83,310,489
44,car,24.0,1.83,40,240
46,car,24.0,1.83,69,272
48,motorcycle,33.94,1.83,313,522
55,car,0.0,1.83,108,245
60,car,24.0,1.83,131,184
64,person,120.0,1.83,130,703
68,car,0.0,1.83,14,543
70,person,67.88,1.83,310,479
72,car,0.0,1.83,14,532
74,car,0.0,1.83,368,313
1,car,33.94,1.88,264,578
2,car,33.94,1.88,347,663
3,car,98.95,1.88,107,711
4,car,0.0,1.88,139,437
5,car,0.0,1.88,259,370
6,car,24.0,1.88,264,331
7,car,0.0,1.88,385,385
8,car,24.0,1.88,405,415
9,car,0.0,1.88,190,275
10,car,24.0,1.88,152,313
12,car,24.0,1.88,358,341
13,car,0.0,1.88,25,300
14,car,24.0,1.88,195,485
15,truck,24.0,1.88,195,484
17,car,0.0,1.88,271,314
18,car,0.0,1.88,133,371
19,car,0.0,1.88,399,233
20,car,0.0,1.88,225,252
21,car,33.94,1.88,316,230
25,car,0.0,1.88,84,221
26,car,0.0,1.88,297,251
27,car,0.0,1.88,280,278
28,car,24.0,1.88,245,229
29,car,24.0,1.88,13,338
30,car,24.0,1.88,359,243
31,person,33.94,1.88,202,328
33,car,0.0,1.88,378,264
37,car,24.0,1.88,271,218
39,car,24.0,1.88,402,530
42,person,0.0,1.88,310,489
44,car,0.0,1.88,40,240
46,car,0.0,1.88,69,272
48,motorcycle,67.88,1.88,311,520
55,car,0.0,1.88,108,245
60,car,24.0,1.88,132,184
64,person,67.88,1.88,132,705
68,car,33.94,1.88,15,544
70,person,33.94,1.88,309,478
72,car,53.67,1.88,15,534
74,car,0.0,1.88,368,313
1,car,24.0,1.92,263,578
2,car,24.0,1.92,347,662
3,car,120.0,1.92,112,711
4,car,0.0,1.92,139,437
5,car,0.0,1.92,259,370
6,car,0.0,1.92,264,331
7,car,0.0,1.92,385,385
8,car,0.0,1.92,405,415
9,car,24.0,1.92,191,275
10,car,24.0,1.92,153,313
12,car,24.0,1.92,358,340
13,car,0.0,1.92,25,300
14,car,24.0,1.92,195,484
15,truck,24.0,1.92,195,483
17,car,33.94,1.92,272,315
18,car,0.0,1.92,133,371
19,car,0.0,1.92,399,233
20,car,0.0,1.92,225,252
21,car,24.0,1.92,316,231
25,car,24.0,1.92,84,222
26,car,0.0,1.92,297,251
27,car,24.0,1.92,281,278
28,car,0.0,1.92,245,229
29,car,0.0,1.92,13,338
30,car,0.0,1.92,359,243
31,person,0.0,1.92,202,328
33,car,24.0,1.92,379,264
37,car,0.0,1.92,271,218
39,car,24.0,1.92,402,529
42,person,75.89,1.92,309,492
44,car,33.94,1.92,39,241
46,car,0.0,1.92,69,272
48,motorcycle,53.67,1.92,310,518
55,car,0.0,1.92,108,245
60,car,0.0,1.92,132,184
64,person,53.67,1.92,133,707
68,car,24.0,1.92,15,545
70,person,53.67,1.92,308,476
72,car,24.0,1.92,15,535
74,car,24.0,1.92,369,313
1,car,0.0,1.96,263,578
2,car,0.0,1.96,347,662
3,car,53.67,1.96,114,712
4,car,24.0,1.96,139,436
5,car,0.0,1.96,259,370
6,car,0.0,1.96,264,331
7,car,24.0,1.96,384,385
8,car,24.0,1.96,405,414
9,car,24.0,1.96,192,275
10,car,24.0,1.96,154,313
12,car,33.94,1.96,359,339
13,car,24.0,1.96,25,301
14,car,0.0,1.96,195,484
15,truck,24.0,1.96,195,484
17,car,24.0,1.96,272,316
18,car,24.0,1.96,134,371
19,car,24.0,1.96,400,233
20,car,24.0,1.96,226,252
21,car,0.0,1.96,316,231
25,car,24.0,1.96,83,222
26,car,24.0,1.96,298,251
27,car,24.0,1.96,282,278
28,car,33.94,1.96,246,228
29,car,0.0,1.96,13,338
30,car,0.0,1.96,359,243
31,person,33.94,1.96,203,327
33,car,0.0,1.96,379,264
37,car,24.0,1.96,272,218
39,car,33.94,1.96,401,528
42,person,48.0,1.96,307,492
44,car,24.0,1.96,39,242
46,car,0.0,1.96,69,272
48,motorcycle,53.67,1.96,308,517
55,car,0.0,1.96,108,245
60,car,33.94,1.96,133,185
64,person,67.88,1.96,135,709
68,car,24.0,1.96,15,546
70,person,33.94,1.96,307,475
72,car,33.94,1.96,16,536
74,car,0.0,1.96,369,313
1,car,24.0,2.0,262,578
2,car,0.0,2.0,347,662
3,car,193.49,2.0,122,713
4,car,0.0,2.0,139,436
5,car,24.0,2.0,260,370
6,car,24.0,2.0,265,331
7,car,24.0,2.0,385,385
8,car,0.0,2.0,405,414
9,car,0.0,2.0,192,275
10,car,0.0,2.0,154,313
12,car,0.0,2.0,359,339
13,car,0.0,2.0,25,301
14,car,24.0,2.0,195,485
15,truck,33.94,2.0,194,485
17,car,24.0,2.0,273,316
18,car,33.94,2.0,135,370
19,car,0.0,2.0,400,233
20,car,33.94,2.0,227,251
21,car,24.0,2.0,317,231
25,car,0.0,2.0,83,222
26,car,0.0,2.0,298,251
27,car,0.0,2.0,282,278
28,car,48.0,2.0,248,228
29,car,24.0,2.0,13,339
30,car,0.0,2.0,359,243
31,person,24.0,2.0,203,326
33,car,24.0,2.0,380,264
37,car,0.0,2.0,272,218
39,car,33.94,2.0,400,527
42,person,24.0,2.0,306,492
44,car,0.0,2.0,39,242
46,car,24.0,2.0,69,273
48,motorcycle,33.94,2.0,307,516
55,car,0.0,2.0,108,245
60,car,0.0,2.0,133,185
64,person,86.53,2.0,138,711
68,car,24.0,2.0,16,546
70,person,53.67,2.0,305,474
72,car,0.0,2.0,16,536
74,car,0.0,2.0,369,313
1,car,0.0,2.04,262,578
2,car,0.0,2.04,347,662
3,car,265.09,2.04,133,714
4,car,0.0,2.04,139,436
5,car,24.0,2.04,259,370
6,car,24.0,2.04,265,330
7,car,0.0,2.04,385,385
8,car,0.0,2.04,405,414
9,car,24.0,2.04,193,275
10,car,24.0,2.04,155,313
12,car,24.0,2.04,359,338
13,car,24.0,2.04,25,302
14,car,0.0,2.04,195,485
15,truck,24.0,2.04,194,484
17,car,24.0,2.04,273,317
18,car,0.0,2.04,135,370
19,car,0.0,2.04,400,233
20,car,53.67,2.04,229,250
21,car,0.0,2.04,317,231
25,car,53.67,2.04,85,223
26,car,24.0,2.04,299,251
27,car,48.0,2.04,280,278
28,car,24.0,2.04,249,228
29,car,0.0,2.04,13,339
30,car,24.0,2.04,358,243
31,person,24.0,2.04,204,326
33,car,0.0,2.04,380,264
37,car,24.0,2.04,272,219
39,car,24.0,2.04,400,526
42,person,24.0,2.04,305,492
44,car,24.0,2.04,39,243
46,car,0.0,2.04,69,273
48,motorcycle,75.89,2.04,306,513
55,car,24.0,2.04,109,245
60,car,0.0,2.04,133,185
64,person,67.88,2.04,140,713
68,car,24.0,2.04,16,547
70,person,53.67,2.04,304,472
72,car,33.94,2.04,17,537
74,car,24.0,2.04,370,313
1,car,0.0,2.08,262,578
2,car,24.0,2.08,347,661
3,car,33.94,2.08,132,715
4,car,24.0,2.08,139,435
5,car,0.0,2.08,259,370
6,car,0.0,2.08,265,330
7,car,24.0,2.08,385,384
8,car,0.0,2.08,405,414
9,car,24.0,2.08,194,275
10,car,0.0,2.08,155,313
12,car,33.94,2.08,360,337
13,car,24.0,2.08,24,302
14,truck,24.0,2.08,195,484
15,car,0.0,2.08,194,484
17,car,33.94,2.08,274,318
18,car,24.0,2.08,136,370
19,car,0.0,2.08,400,233
20,car,0.0,2.08,229,250
21,car,24.0,2.08,318,231
25,car,24.0,2.08,85,224
26,car,0.0,2.08,299,251
27,car,24.0,2.08,281,278
28,car,24.0,2.08,250,228
29,car,24.0,2.08,13,340
30,car,24.0,2.08,358,244
31,person,24.0,2.08,204,325
33,car,24.0,2.08,381,264
37,car,24.0,2.08,273,219
39,car,33.94,2.08,399,525
42,person,53.67,2.08,304,490
44,car,0.0,2.08,39,243
46,car,0.0,2.08,69,273
48,motorcycle,53.67,2.08,304,512
55,car,0.0,2.08,109,245
60,car,24.0,2.08,134,185
64,person,67.88,2.08,142,715
68,car,33.94,2.08,17,548
70,person,169.71,2.08,303,479
72,car,48.0,2.08,17,539
74,car,0.0,2.08,370,313
1,car,0.0,2.12,262,578
2,car,33.94,2.12,348,660
3,car,145.99,2.12,126,716
4,car,0.0,2.12,139,435
5,car,24.0,2.12,260,370
6,car,0.0,2.12,265,330
7,car,24.0,2.12,384,384
8,car,0.0,2.12,405,414
9,car,0.0,2.12,194,275
10,car,33.94,2.12,156,312
12,car,24.0,2.12,360,336
13,car,0.0,2.12,24,302
14,truck,24.0,2.12,195,483
15,car,33.94,2.12,195,483
17,car,0.0,2.12,274,318
18,car,0.0,2.12,136,370
19,car,0.0,2.12,400,233
20,car,24.0,2.12,230,250
21,car,24.0,2.12,319,231
25,car,0.0,2.12,85,224
26,car,33.94,2.12,300,252
27,car,0.0,2.12,281,278
28,car,0.0,2.12,250,228
29,car,0.0,2.12,13,340
30,car,0.0,2.12,358,244
31,person,24.0,2.12,205,325
33,car,0.0,2.12,381,264
37,car,0.0,2.12,273,219
39,car,0.0,2.12,399,525
42,person,48.0,2.12,302,490
44,car,33.94,2.12,38,244
46,car,0.0,2.12,69,273
48,motorcycle,24.0,2.12,304,511
55,car,0.0,2.12,109,245
60,car,24.0,2.12,134,186
64,person,53.67,2.12,143,717
68,car,0.0,2.12,17,548
70,person,48.0,2.12,301,479
72,car,24.0,2.12,17,540
74,car,0.0,2.12,370,313
1,car,0.0,2.17,262,578
2,car,24.0,2.17,348,661
3,car,122.38,2.17,131,717
4,car,0.0,2.17,139,435
5,car,24.0,2.17,260,369
6,car,0.0,2.17,265,330
7,car,0.0,2.17,384,384
8,car,0.0,2.17,405,414
9,car,33.94,2.17,195,274
10,car,24.0,2.17,157,312
12,car,24.0,2.17,360,335
13,car,0.0,2.17,24,302
14,truck,0.0,2.17,195,483
15,car,0.0,2.17,195,483
17,car,33.94,2.17,275,319
18,car,0.0,2.17,136,370
19,car,0.0,2.17,400,233
20,car,24.0,2.17,229,250
21,car,0.0,2.17,319,231
25,car,0.0,2.17,85,224
26,car,24.0,2.17,300,251
27,car,0.0,2.17,281,278
28,car,0.0,2.17,250,228
29,car,0.0,2.17,13,340
30,car,0.0,2.17,358,244
31,person,24.0,2.17,205,324
33,car,24.0,2.17,382,264
37,car,33.94,2.17,274,220
39,car,33.94,2.17,398,524
42,person,53.67,2.17,301,488
44,car,0.0,2.17,38,244
46,car,0.0,2.17,69,273
48,motorcycle,48.0,2.17,302,511
55,car,53.67,2.17,108,247
60,car,24.0,2.17,135,186
64,person,86.53,2.17,146,719
68,car,33.94,2.17,18,549
70,person,53.67,2.17,300,477
72,car,33.94,2.17,18,541
74,car,0.0,2.17,370,313
1,car,24.0,2.21,262,577
2,car,24.0,2.21,348,660
3,car,98.95,2.21,135,718
4,car,24.0,2.21,140,435
5,car,0.0,2.21,260,369
6,car,24.0,2.21,266,330
7,car,24.0,2.21,385,384
8,car,0.0,2.21,405,414
9,car,0.0,2.21,195,274
10,car,0.0,2.21,157,312
12,car,0.0,2.21,360,335
13,car,0.0,2.21,24,302
14,truck,0.0,2.21,195,483
15,car,0.0,2.21,195,483
17,car,24.0,2.21,275,320
18,car,24.0,2.21,136,369
19,car,24.0,2.21,401,233
20,car,24.0,2.21,229,251
21,car,24.0,2.21,320,231
25,car,0.0,2.21,85,224
26,car,0.0,2.21,300,251
27,car,24.0,2.21,282,278
28,car,24.0,2.21,251,228
29,car,0.0,2.21,13,340
30,car,24.0,2.21,359,244
31,person,24.0,2.21,206,324
33,car,0.0,2.21,382,264
37,car,0.0,2.21,274,220
39,car,48.0,2.21,398,522
42,person,33.94,2.21,300,487
44,car,0.0,2.21,38,244
46,car,24.0,2.21,68,273
48,motorcycle,33.94,2.21,301,510
55,car,0.0,2.21,108,247
60,car,0.0,2.21,135,186
64,person,86.53,2.21,149,721
68,car,24.0,2.21,18,550
70,person,48.0,2.21,298,477
72,car,24.0,2.21,18,542
74,car,24.0,2.21,371,313
1,car,24.0,2.25,262,576
2,car,24.0,2.25,348,661
3,car,53.67,2.25,133,719
4,car,0.0,2.25,140,435
5,car,24.0,2.25,261,369
6,car,24.0,2.25,266,329
7,car,24.0,2.25,385,383
8,car,24.0,2.25,405,413
9,car,24.0,2.25,196,274
10,car,24.0,2.25,158,312
12,car,24.0,2.25,360,334
13,car,0.0,2.25,24,302
14,truck,0.0,2.25,195,483
15,car,0.0,2.25,195,483
17,car,24.0,2.25,276,320
18,car,24.0,2.25,135,369
19,car,0.0,2.25,401,233
20,car,0.0,2.25,229,251
21,car,24.0,2.25,320,232
25,car,0.0,2.25,85,224
26,car,24.0,2.25,301,251
27,car,0.0,2.25,282,278
28,car,0.0,2.25,251,228
29,car,24.0,2.25,13,341
30,car,0.0,2.25,359,244
31,person,33.94,2.25,207,323
33,car,24.0,2.25,383,264
37,car,0.0,2.25,274,220
39,car,33.94,2.25,397,521
42,person,53.67,2.25,298,486
44,car,24.0,2.25,38,245
46,car,0.0,2.25,68,273
48,motorcycle,67.88,2.25,299,508
55,car,24.0,2.25,108,248
60,car,0.0,2.25,135,186
64,person,86.53,2.25,152,723
68,car,24.0,2.25,19,550
70,person,24.0,2.25,297,477
72,car,33.94,2.25,19,543
74,car,0.0,2.25,371,313
1,car,0.0,2.29,262,576
2,car,48.0,2.29,348,659
3,car,24.0,2.29,133,720
4,car,0.0,2.29,140,435
5,car,0.0,2.29,261,369
6,car,0.0,2.29,266,329
7,car,0.0,2.29,385,383
8,car,24.0,2.29,404,413
9,car,0.0,2.29,196,274
10,car,24.0,2.29,158,311
12,car,24.0,2.29,360,333
13,car,0.0,2.29,24,302
14,car,0.0,2.29,195,483
15,truck,0.0,2.29,195,483
17,car,24.0,2.29,276,321
18,car,24.0,2.29,136,369
19,car,0.0,2.29,401,233
20,car,48.0,2.29,229,253
21,car,24.0,2.29,321,232
25,car,24.0,2.29,85,225
26,car,0.0,2.29,301,251
27,car,75.89,2.29,285,277
28,car,24.0,2.29,252,228
29,car,24.0,2.29,13,342
30,car,0.0,2.29,359,244
31,person,0.0,2.29,207,323
33,car,0.0,2.29,383,264
37,car,33.94,2.29,275,221
39,car,24.0,2.29,397,520
42,person,122.38,2.29,297,481
44,car,24.0,2.29,37,245
46,car,24.0,2.29,69,273
48,motorcycle,24.0,2.29,299,507
55,car,0.0,2.29,108,248
60,car,33.94,2.29,136,187
64,person,67.88,2.29,154,725
68,car,24.0,2.29,19,551
70,person,53.67,2.29,295,476
72,car,24.0,2.29,19,544
74,car,0.0,2.29,371,313
1,car,33.94,2.33,261,575
2,car,0.0,2.33,348,659
3,car,67.88,2.33,135,722
4,car,0.0,2.33,140,435
5,car,24.0,2.33,261,368
6,car,24.0,2.33,267,329
7,car,0.0,2.33,385,383
8,car,0.0,2.33,404,413
9,car,24.0,2.33,197,274
10,car,0.0,2.33,158,311
12,car,0.0,2.33,360,333
13,car,0.0,2.33,24,302
14,car,24.0,2.33,195,482
15,truck,24.0,2.33,195,482
17,car,33.94,2.33,277,322
18,car,33.94,2.33,137,368
19,car,24.0,2.33,402,233
20,car,24.0,2.33,230,253
21,car,0.0,2.33,321,232
25,car,0.0,2.33,85,225
26,car,24.0,2.33,302,251
27,car,0.0,2.33,285,277
28,car,0.0,2.33,252,228
29,car,24.0,2.33,13,343
30,car,24.0,2.33,358,244
31,person,33.94,2.33,208,322
33,car,24.0,2.33,384,264
37,car,0.0,2.33,275,221
39,car,33.94,2.33,396,519
42,person,67.88,2.33,295,479
44,car,0.0,2.33,37,245
46,car,24.0,2.33,69,274
48,motorcycle,67.88,2.33,297,505
55,car,0.0,2.33,108,248
60,car,0.0,2.33,136,187
64,person,67.88,2.33,156,727
68,car,24.0,2.33,19,552
70,person,120.0,2.33,295,471
72,car,24.0,2.33,20,544
74,car,24.0,2.33,372,313
1,car,24.0,2.38,261,574
2,car,24.0,2.38,348,658
3,car,98.95,2.38,139,723
4,car,24.0,2.38,140,434
5,car,0.0,2.38,261,368
6,car,0.0,2.38,267,329
7,car,0.0,2.38,385,383
8,car,24.0,2.38,404,412
9,car,0.0,2.38,197,274
10,car,24.0,2.38,159,311
12,car,24.0,2.38,361,333
13,car,24.0,2.38,24,303
14,car,0.0,2.38,195,482
15,truck,0.0,2.38,195,482
17,car,0.0,2.38,277,322
18,car,33.94,2.38,138,367
19,car,0.0,2.38,402,233
20,car,24.0,2.38,230,252
21,car,24.0,2.38,322,232
25,car,0.0,2.38,85,225
26,car,0.0,2.38,302,251
27,car,24.0,2.38,286,277
28,car,24.0,2.38,253,228
29,car,0.0,2.38,13,343
30,car,0.0,2.38,358,244
31,motorcycle,122.38,2.38,207,327
33,car,0.0,2.38,384,264
37,car,0.0,2.38,275,221
39,car,33.94,2.38,395,518
42,person,33.94,2.38,294,478
44,car,24.0,2.38,36,245
46,car,0.0,2.38,69,274
48,motorcycle,53.67,2.38,296,503
55,car,24.0,2.38,108,247
60,car,24.0,2.38,137,187
64,person,101.82,2.38,159,730
68,car,33.94,2.38,20,553
70,person,67.88,2.38,293,469
72,car,24.0,2.38,20,545
74,car,0.0,2.38,372,313
1,car,33.94,2.42,260,573
2,car,24.0,2.42,348,659
3,car,0.0,2.42,139,723
4,car,0.0,2.42,140,434
5,car,24.0,2.42,262,368
6,car,0.0,2.42,267,329
7,car,0.0,2.42,385,383
8,car,24.0,2.42,404,411
9,car,24.0,2.42,198,274
10,car,33.94,2.42,160,310
12,car,24.0,2.42,361,332
13,car,0.0,2.42,24,303
14,car,0.0,2.42,195,482
15,truck,24.0,2.42,195,481
17,car,33.94,2.42,278,323
18,car,24.0,2.42,137,367
19,car,33.94,2.42,403,232
20,car,33.94,2.42,231,251
21,car,0.0,2.42,322,232
25,car,0.0,2.42,85,225
26,car,24.0,2.42,303,251
27,car,53.67,2.42,284,278
28,car,24.0,2.42,254,228
29,car,0.0,2.42,13,343
30,car,0.0,2.42,358,244
31,motorcycle,0.0,2.42,207,327
33,car,24.0,2.42,385,264
37,car,33.94,2.42,276,222
39,car,24.0,2.42,395,517
42,person,75.89,2.42,293,481
44,car,24.0,2.42,36,246
46,car,0.0,2.42,69,274
48,motorcycle,33.94,2.42,295,502
55,car,24.0,2.42,108,248
60,car,24.0,2.42,137,188
64,person,53.67,2.42,160,732
68,car,0.0,2.42,20,553
70,person,33.94,2.42,292,468
72,car,33.94,2.42,21,546
74,car,0.0,2.42,372,313
1,car,24.0,2.46,260,572
2,car,33.94,2.46,347,658
3,car,265.09,2.46,150,724
4,car,0.0,2.46,140,434
5,car,0.0,2.46,262,368
6,car,24.0,2.46,268,329
7,car,24.0,2.46,384,383
8,car,0.0,2.46,404,411
9,car,24.0,2.46,199,274
10,car,0.0,2.46,160,310
12,car,0.0,2.46,361,332
13,car,0.0,2.46,24,303
14,car,24.0,2.46,195,481
15,truck,0.0,2.46,195,481
17,car,24.0,2.46,278,324
18,car,0.0,2.46,137,367
19,car,0.0,2.46,403,232
20,car,24.0,2.46,232,251
21,car,24.0,2.46,323,232
25,car,24.0,2.46,85,226
26,car,0.0,2.46,303,251
27,car,24.0,2.46,285,278
28,car,0.0,2.46,254,228
29,car,0.0,2.46,13,343
30,car,24.0,2.46,359,244
31,motorcycle,24.0,2.46,207,326
33,car,0.0,2.46,385,264
37,car,0.0,2.46,276,222
39,car,48.0,2.46,395,515
42,person,24.0,2.46,293,482
44,car,0.0,2.46,36,246
46,car,0.0,2.46,69,274
48,motorcycle,33.94,2.46,294,501
55,car,0.0,2.46,108,248
60,car,0.0,2.46,137,188
64,person,53.67,2.46,161,734
68,car,33.94,2.46,21,554
70,person,144.0,2.46,292,462
72,car,48.0,2.46,21,548
74,car,0.0,2.46,372,313
1,car,0.0,2.5,260,572
2,car,48.0,2.5,347,660
3,car,75.89,2.5,153,725
4,car,24.0,2.5,140,433
5,car,0.0,2.5,262,368
6,car,0.0,2.5,268,329
7,car,24.0,2.5,384,382
8,car,24.0,2.5,404,410
9,car,24.0,2.5,199,273
10,car,24.0,2.5,161,310
12,car,0.0,2.5,361,332
13,car,0.0,2.5,24,303
14,car,0.0,2.5,195,481
15,truck,24.0,2.5,195,480
17,car,24.0,2.5,279,324
18,car,0.0,2.5,137,367
19,car,24.0,2.5,404,232
20,car,24.0,2.5,232,250
21,car,0.0,2.5,323,232
25,car,0.0,2.5,85,226
26,car,24.0,2.5,304,251
27,car,24.0,2.5,286,278
28,car,24.0,2.5,255,228
29,car,0.0,2.5,13,343
30,car,0.0,2.5,359,244
31,person,53.67,2.5,208,324
33,car,24.0,2.5,386,264
37,car,24.0,2.5,277,222
39,car,33.94,2.5,394,514
42,person,129.24,2.5,291,477
44,car,0.0,2.5,36,246
46,car,24.0,2.5,69,275
48,motorcycle,33.94,2.5,293,500
55,car,33.94,2.5,109,247
60,car,24.0,2.5,138,188
64,person,120.0,2.5,165,737
68,car,24.0,2.5,21,555
70,person,75.89,2.5,293,459
72,car,33.94,2.5,22,549
74,car,24.0,2.5,373,313
1,car,24.0,2.54,260,571
2,car,0.0,2.54,347,660
3,car,75.89,2.54,156,726
4,car,0.0,2.54,140,433
5,car,33.94,2.54,263,367
6,car,53.67,2.54,269,327
7,car,0.0,2.54,384,382
8,car,0.0,2.54,404,410
9,car,0.0,2.54,199,273
10,car,24.0,2.54,161,309
12,car,24.0,2.54,361,333
13,car,24.0,2.54,24,304
14,car,0.0,2.54,195,481
15,truck,0.0,2.54,195,480
17,car,24.0,2.54,279,325
18,car,0.0,2.54,137,367
19,car,24.0,2.54,404,231
20,car,24.0,2.54,233,250
21,car,33.94,2.54,324,233
25,car,0.0,2.54,85,226
26,car,0.0,2.54,304,251
27,car,0.0,2.54,286,278
28,car,0.0,2.54,255,228
29,car,48.0,2.54,13,345
30,car,0.0,2.54,359,244
31,person,24.0,2.54,208,323
33,car,0.0,2.54,386,264
37,car,24.0,2.54,277,223
39,car,24.0,2.54,394,513
42,person,33.94,2.54,290,476
44,car,24.0,2.54,35,246
46,car,0.0,2.54,69,275
48,motorcycle,53.67,2.54,291,499
55,car,0.0,2.54,109,247
64,person,98.95,2.54,169,738
68,car,24.0,2.54,22,555
70,person,75.89,2.54,290,458
72,car,24.0,2.54,22,550
74,car,0.0,2.54,373,313
1,car,33.94,2.58,259,570
2,car,24.0,2.58,346,660
3,car,75.89,2.58,153,727
4,car,0.0,2.58,140,433
5,car,24.0,2.58,262,367
6,car,24.0,2.58,270,327
7,car,24.0,2.58,384,381
8,car,24.0,2.58,404,409
9,car,0.0,2.58,199,273
10,car,0.0,2.58,161,309
12,car,24.0,2.58,362,333
13,car,0.0,2.58,24,304
14,truck,24.0,2.58,195,480
15,car,0.0,2.58,195,480
17,car,33.94,2.58,280,326
18,car,24.0,2.58,137,366
19,car,24.0,2.58,404,232
20,car,24.0,2.58,233,249
21,car,0.0,2.58,324,233
25,car,0.0,2.58,85,226
26,car,0.0,2.58,304,251
27,car,24.0,2.58,287,278
28,car,24.0,2.58,256,228
29,car,0.0,2.58,13,345
30,car,0.0,2.58,359,244
31,person,24.0,2.58,209,323
33,car,24.0,2.58,387,264
37,car,0.0,2.58,277,223
39,car,33.94,2.58,393,512
42,person,33.94,2.58,289,475
44,car,0.0,2.58,35,246
46,car,0.0,2.58,69,275
48,motorcycle,33.94,2.58,290,498
55,car,0.0,2.58,109,247
64,person,67.88,2.58,171,740
70,person,33.94,2.58,289,457
72,car,53.67,2.58,23,552
74,car,0.0,2.58,373,313
1,car,0.0,2.62,259,570
2,car,53.67,2.62,347,658
3,car,75.89,2.62,150,728
4,car,24.0,2.62,140,432
5,car,33.94,2.62,263,366
6,car,33.94,2.62,271,326
7,car,24.0,2.62,383,381
8,car,0.0,2.62,404,409
9,car,0.0,2.62,199,273
10,car,24.0,2.62,162,309
12,car,0.0,2.62,362,333
13,car,24.0,2.62,24,305
14,truck,24.0,2.62,194,480
15,car,0.0,2.62,195,480
17,car,0.0,2.62,280,326
18,car,33.94,2.62,138,365
19,car,0.0,2.62,404,232
20,car,24.0,2.62,234,249
21,car,24.0,2.62,325,233
25,car,24.0,2.62,85,227
26,car,33.94,2.62,305,252
27,car,0.0,2.62,287,278
28,car,0.0,2.62,256,228
29,car,0.0,2.62,13,345
30,car,24.0,2.62,360,244
31,person,24.0,2.62,209,322
33,car,0.0,2.62,387,264
39,car,0.0,2.62,393,512
42,person,86.53,2.62,287,472
44,car,24.0,2.62,35,247
46,car,0.0,2.62,69,275
48,motorcycle,75.89,2.62,289,495
55,car,24.0,2.62,109,248
64,person,53.67,2.62,172,742
70,person,53.67,2.62,288,455
72,car,0.0,2.62,23,552
74,car,24.0,2.62,374,313
1,car,0.0,2.67,259,570
2,car,0.0,2.67,347,658
3,car,24.0,2.67,151,728
4,car,24.0,2.67,139,432
5,car,0.0,2.67,263,366
6,car,0.0,2.67,271,326
7,car,0.0,2.67,383,381
8,car,0.0,2.67,404,409
9,car,24.0,2.67,200,273
10,car,24.0,2.67,162,308
12,car,24.0,2.67,362,332
13,car,24.0,2.67,24,306
14,truck,0.0,2.67,194,480
15,car,24.0,2.67,194,480
17,car,33.94,2.67,281,327
18,car,33.94,2.67,139,364
19,car,0.0,2.67,404,232
20,car,0.0,2.67,234,249
21,car,0.0,2.67,325,233
25,car,0.0,2.67,85,227
26,car,0.0,2.67,305,252
27,car,24.0,2.67,288,278
28,car,24.0,2.67,257,228
29,car,24.0,2.67,13,346
30,car,0.0,2.67,360,244
31,person,48.0,2.67,211,322
33,car,24.0,2.67,388,264
39,car,33.94,2.67,392,511
42,person,24.0,2.67,287,473
44,car,0.0,2.67,35,247
46,car,24.0,2.67,69,276
48,motorcycle,53.67,2.67,288,493
55,car,0.0,2.67,109,248
64,person,101.82,2.67,175,745
70,person,33.94,2.67,287,454
72,car,24.0,2.67,24,552
74,car,0.0,2.67,374,313
1,car,24.0,2.71,258,570
2,car,48.0,2.71,347,656
3,car,53.67,2.71,153,729
4,car,33.94,2.71,138,431
5,car,0.0,2.71,263,366
6,car,0.0,2.71,271,326
7,car,24.0,2.71,384,381
8,car,24.0,2.71,404,408
9,car,33.94,2.71,201,272
10,car,0.0,2.71,162,308
12,car,0.0,2.71,362,332
13,car,24.0,2.71,24,307
14,truck,24.0,2.71,194,479
15,car,0.0,2.71,194,480
17,car,24.0,2.71,281,328
18,car,0.0,2.71,139,364
19,car,24.0,2.71,405,232
20,car,24.0,2.71,235,249
21,car,24.0,2.71,326,233
25,car,0.0,2.71,85,227
26,car,24.0,2.71,306,252
27,car,0.0,2.71,288,278
28,car,24.0,2.71,258,228
29,car,0.0,2.71,13,346
30,car,0.0,2.71,360,244
31,person,24.0,2.71,211,321
33,car,0.0,2.71,388,264
39,car,24.0,2.71,392,510
42,person,33.94,2.71,286,472
44,car,0.0,2.71,35,247
46,car,0.0,2.71,69,276
48,motorcycle,33.94,2.71,287,492
55,car,0.0,2.71,109,248
64,person,98.95,2.71,179,746
70,person,67.88,2.71,285,452
72,car,48.0,2.71,24,554
74,car,0.0,2.71,374,313
1,car,48.0,2.75,258,568
2,car,48.0,2.75,347,658
3,car,98.95,2.75,157,730
4,car,0.0,2.75,138,431
5,car,24.0,2.75,263,365
6,car,0.0,2.75,271,326
7,car,24.0,2.75,384,380
8,car,0.0,2.75,404,408
9,car,24.0,2.75,202,272
10,car,33.94,2.75,163,307
12,car,24.0,2.75,362,331
13,car,0.0,2.75,24,307
14,truck,0.0,2.75,194,479
15,car,24.0,2.75,194,479
18,car,24.0,2.75,140,364
19,car,24.0,2.75,405,231
20,car,0.0,2.75,235,249
21,car,24.0,2.75,327,233
25,car,0.0,2.75,85,227
26,car,0.0,2.75,306,252
27,car,24.0,2.75,289,278
28,car,0.0,2.75,258,228
29,car,0.0,2.75,13,346
30,car,0.0,2.75,360,244
31,person,24.0,2.75,212,321
33,car,24.0,2.75,389,264
39,car,24.0,2.75,392,509
42,person,67.88,2.75,284,470
44,car,0.0,2.75,35,247
46,car,0.0,2.75,69,276
48,motorcycle,53.67,2.75,286,490
55,car,0.0,2.75,109,248
64,person,53.67,2.75,181,747
70,person,53.67,2.75,284,450
72,car,48.0,2.75,24,556
74,car,0.0,2.75,374,313
1,car,24.0,2.79,258,567
2,car,48.0,2.79,347,656
3,car,75.89,2.79,160,731
4,car,24.0,2.79,138,430
5,car,24.0,2.79,263,364
6,car,33.94,2.79,272,325
7,car,0.0,2.79,384,380
8,car,24.0,2.79,403,408
9,car,24.0,2.79,203,272
10,car,24.0,2.79,164,307
12,car,24.0,2.79,363,331
13,car,0.0,2.79,24,307
14,truck,0.0,2.79,194,479
15,car,0.0,2.79,194,479
18,car,24.0,2.79,140,363
19,car,24.0,2.79,405,232
20,car,24.0,2.79,236,249
21,car,0.0,2.79,327,233
25,car,24.0,2.79,85,228
26,car,24.0,2.79,307,252
27,car,0.0,2.79,289,278
28,car,24.0,2.79,259,228
29,car,24.0,2.79,13,347
30,car,33.94,2.79,359,243
31,person,0.0,2.79,212,321
33,car,0.0,2.79,389,264
39,car,24.0,2.79,391,509
42,person,33.94,2.79,283,469
44,car,24.0,2.79,34,247
46,car,0.0,2.79,69,276
48,motorcycle,33.94,2.79,285,489
55,car,0.0,2.79,109,248
64,person,86.53,2.79,184,749
70,person,33.94,2.79,283,449
72,car,33.94,2.79,25,557
74,car,24.0,2.79,375,313
1,car,33.94,2.83,257,566
2,car,53.67,2.83,346,658
3,car,53.67,2.83,162,732
4,car,0.0,2.83,138,430
5,car,24.0,2.83,263,363
6,car,0.0,2.83,272,325
7,car,0.0,2.83,384,380
8,car,24.0,2.83,403,407
9,car,24.0,2.83,204,272
10,car,24.0,2.83,165,307
12,car,24.0,2.83,363,330
13,car,24.0,2.83,24,308
14,truck,24.0,2.83,194,478
15,car,24.0,2.83,194,478
18,car,24.0,2.83,141,363
19,car,0.0,2.83,405,232
20,car,0.0,2.83,236,249
21,car,33.94,2.83,328,234
25,car,0.0,2.83,85,228
26,car,0.0,2.83,307,252
27,car,33.94,2.83,290,277
28,car,0.0,2.83,259,228
29,car,0.0,2.83,13,347
30,car,0.0,2.83,359,243
31,person,53.67,2.83,213,319
33,car,24.0,2.83,390,264
39,car,24.0,2.83,391,508
42,person,24.0,2.83,283,468
44,car,33.94,2.83,33,248
46,car,24.0,2.83,69,277
48,motorcycle,53.67,2.83,284,487
55,car,33.94,2.83,110,249
64,person,67.88,2.83,186,751
70,person,53.67,2.83,282,447
72,car,24.0,2.83,25,558
74,car,0.0,2.83,375,313
1,car,48.0,2.88,257,564
2,car,24.0,2.88,346,659
3,car,48.0,2.88,162,734
4,car,0.0,2.88,138,430
5,car,24.0,2.88,264,363
6,car,24.0,2.88,273,325
7,car,24.0,2.88,384,379
8,car,0.0,2.88,403,407
9,car,0.0,2.88,204,272
10,car,0.0,2.88,165,307
12,car,0.0,2.88,363,330
13,car,0.0,2.88,24,308
14,truck,0.0,2.88,194,478
15,car,24.0,2.88,195,478
18,car,24.0,2.88,142,363
19,car,0.0,2.88,405,232
20,car,33.94,2.88,237,248
21,car,0.0,2.88,328,234
25,car,0.0,2.88,85,228
26,car,24.0,2.88,308,252
27,car,0.0,2.88,290,277
28,car,24.0,2.88,260,228
29,car,0.0,2.88,13,347
30,car,0.0,2.88,359,243
31,person,24.0,2.88,213,318
33,car,0.0,2.88,390,264
39,car,33.94,2.88,390,507
42,person,24.0,2.88,283,467
44,car,0.0,2.88,33,248
46,car,0.0,2.88,69,277
48,motorcycle,24.0,2.88,283,487
55,car,0.0,2.88,110,249
64,person,86.53,2.88,189,753
70,person,33.94,2.88,281,446
72,car,33.94,2.88,26,559
74,car,0.0,2.88,375,313
1,car,24.0,2.92,257,563
2,car,0.0,2.92,346,659
3,car,75.89,2.92,159,735
4,car,0.0,2.92,138,430
5,car,24.0,2.92,264,362
6,car,0.0,2.92,273,325
7,car,24.0,2.92,384,378
8,car,0.0,2.92,403,407
9,car,24.0,2.92,205,272
10,car,24.0,2.92,166,307
12,car,33.94,2.92,364,329
13,car,0.0,2.92,24,308
14,truck,0.0,2.92,194,478
15,car,0.0,2.92,195,478
18,car,24.0,2.92,142,362
19,car,0.0,2.92,405,232
20,car,0.0,2.92,237,248
21,car,24.0,2.92,329,234
25,car,0.0,2.92,85,228
26,car,0.0,2.92,308,252
27,car,0.0,2.92,290,277
28,car,24.0,2.92,261,228
29,car,24.0,2.92,13,348
30,car,0.0,2.92,359,243
31,person,0.0,2.92,213,318
33,car,24.0,2.92,391,264
39,car,48.0,2.92,390,505
42,person,33.94,2.92,282,466
44,car,0.0,2.92,33,248
46,car,0.0,2.92,69,277
48,motorcycle,24.0,2.92,282,487
55,car,0.0,2.92,110,249
64,person,67.88,2.92,191,755
70,person,53.67,2.92,280,444
72,car,24.0,2.92,26,560
74,car,24.0,2.92,376,313
1,car,24.0,2.96,256,563
2,car,24.0,2.96,347,659
3,car,24.0,2.96,159,736
4,car,0.0,2.96,138,430
5,car,0.0,2.96,264,362
6,car,0.0,2.96,273,325
7,car,24.0,2.96,385,378
8,car,24.0,2.96,403,406
9,car,0.0,2.96,205,272
10,car,0.0,2.96,166,307
12,car,24.0,2.96,364,330
13,car,24.0,2.96,24,309
14,car,24.0,2.96,194,477
15,car,24.0,2.96,195,477
18,car,24.0,2.96,143,362
19,car,24.0,2.96,406,232
20,car,24.0,2.96,238,248
21,car,0.0,2.96,329,234
25,car,24.0,2.96,85,229
26,car,0.0,2.96,308,252
27,car,24.0,2.96,291,277
28,car,0.0,2.96,261,228
29,car,0.0,2.96,13,348
30,car,0.0,2.96,359,243
31,person,24.0,2.96,214,318
33,car,24.0,2.96,391,265
39,car,0.0,2.96,390,505
42,person,48.0,2.96,280,466
44,car,0.0,2.96,33,248
46,car,0.0,2.96,69,277
48,motorcycle,75.89,2.96,281,484
55,car,0.0,2.96,110,249
64,person,86.53,2.96,194,757
70,person,53.67,2.96,278,443
72,car,33.94,2.96,27,561
74,car,0.0,2.96,376,313
1,car,24.0,3.0,256,562
2,car,24.0,3.0,347,658
3,car,48.0,3.0,161,736
4,car,24.0,3.0,138,429
5,car,0.0,3.0,264,362
6,car,33.94,3.0,274,324
7,car,24.0,3.0,385,377
8,car,0.0,3.0,403,406
9,car,24.0,3.0,206,272
10,car,0.0,3.0,166,307
12,car,24.0,3.0,364,329
13,car,0.0,3.0,24,309
14,car,24.0,3.0,194,478
15,truck,24.0,3.0,195,478
18,car,0.0,3.0,143,362
19,car,0.0,3.0,406,232
20,car,0.0,3.0,238,248
21,car,24.0,3.0,330,234
25,car,0.0,3.0,85,229
26,car,24.0,3.0,309,252
27,car,169.71,3.0,292,270
28,car,24.0,3.0,262,228
29,car,24.0,3.0,13,349
30,car,0.0,3.0,359,243
31,person,0.0,3.0,214,318
33,car,24.0,3.0,392,265
39,car,33.94,3.0,389,504
42,person,145.99,3.0,279,460
44,car,24.0,3.0,33,249
46,car,0.0,3.0,69,277
48,motorcycle,33.94,3.0,280,483
55,car,0.0,3.0,110,249
64,person,67.88,3.0,196,759
70,person,53.67,3.0,277,441
72,car,24.0,3.0,27,562
82,car,0,3.0,14,221
1,car,24.0,3.04,256,561
2,car,33.94,3.04,346,657
3,car,53.67,3.04,163,737
4,car,0.0,3.04,138,429
5,car,0.0,3.04,264,362
6,car,24.0,3.04,274,323
7,car,0.0,3.04,385,377
8,car,0.0,3.04,403,406
9,car,0.0,3.04,206,272
10,car,24.0,3.04,167,307
12,car,0.0,3.04,364,329
13,car,0.0,3.04,24,309
14,truck,24.0,3.04,194,479
15,car,24.0,3.04,195,479
18,car,24.0,3.04,144,362
19,car,0.0,3.04,406,232
20,car,24.0,3.04,239,248
21,car,0.0,3.04,330,234
25,car,0.0,3.04,85,229
26,car,0.0,3.04,309,252
27,car,48.0,3.04,292,272
28,car,0.0,3.04,262,228
29,car,0.0,3.04,13,349
30,car,0.0,3.04,359,243
31,person,24.0,3.04,214,317
33,car,0.0,3.04,392,265
39,car,24.0,3.04,389,503
42,person,53.67,3.04,278,462
44,car,24.0,3.04,32,249
46,car,24.0,3.04,69,278
48,motorcycle,33.94,3.04,279,482
55,car,0.0,3.04,110,249
64,person,86.53,3.04,199,761
70,person,33.94,3.04,276,440
72,car,33.94,3.04,28,563
82,car,0.0,3.04,14,221
1,car,24.0,3.08,255,561
2,car,0.0,3.08,346,657
3,car,33.94,3.08,164,738
4,car,0.0,3.08,138,429
5,car,24.0,3.08,264,361
6,car,24.0,3.08,273,323
7,car,24.0,3.08,385,376
8,car,0.0,3.08,403,406
9,car,33.94,3.08,207,271
10,car,33.94,3.08,168,306
12,car,24.0,3.08,365,329
13,car,0.0,3.08,24,309
14,truck,0.0,3.08,194,479
15,car,24.0,3.08,194,479
18,car,0.0,3.08,144,362
19,car,24.0,3.08,407,232
20,car,0.0,3.08,239,248
21,car,33.94,3.08,331,235
25,car,0.0,3.08,85,229
26,car,24.0,3.08,310,252
27,car,33.94,3.08,293,271
28,car,24.0,3.08,263,228
29,car,0.0,3.08,13,349
30,car,24.0,3.08,360,243
31,person,24.0,3.08,215,317
39,car,33.94,3.08,388,502
42,person,24.0,3.08,277,462
44,car,24.0,3.08,31,249
46,car,0.0,3.08,69,278
48,motorcycle,33.94,3.08,278,481
55,car,0.0,3.08,110,249
64,person,67.88,3.08,201,763
70,person,53.67,3.08,275,438
72,car,24.0,3.08,28,564
82,car,0.0,3.08,14,221
1,car,24.0,3.12,255,560
2,car,0.0,3.12,346,657
3,car,33.94,3.12,165,739
4,car,24.0,3.12,138,428
5,car,0.0,3.12,264,361
6,car,53.67,3.12,274,321
7,car,0.0,3.12,385,376
8,car,0.0,3.12,403,406
9,car,24.0,3.12,208,271
10,car,0.0,3.12,168,306
12,car,0.0,3.12,365,329
13,car,24.0,3.12,24,310
14,truck,0.0,3.12,194,479
15,car,24.0,3.12,194,478
18,car,0.0,3.12,144,362
19,car,0.0,3.12,407,232
20,car,33.94,3.12,240,247
21,car,0.0,3.12,331,235
25,car,24.0,3.12,85,230
26,car,0.0,3.12,310,252
27,car,86.53,3.12,291,274
28,car,0.0,3.12,263,228
29,car,24.0,3.12,13,350
30,car,0.0,3.12,360,243
31,person,24.0,3.12,215,316
39,car,24.0,3.12,388,501
42,person,24.0,3.12,276,462
44,car,0.0,3.12,31,249
46,car,33.94,3.12,68,279
48,motorcycle,33.94,3.12,277,480
55,car,24.0,3.12,110,250
64,person,86.53,3.12,204,765
70,person,33.94,3.12,274,437
72,car,53.67,3.12,29,566
82,car,0.0,3.12,14,221
1,car,24.0,3.17,254,560
2,car,0.0,3.17,346,657
3,car,53.67,3.17,167,740
4,car,0.0,3.17,138,428
5,car,0.0,3.17,264,361
6,car,33.94,3.17,273,320
7,car,24.0,3.17,385,375
8,car,24.0,3.17,403,405
9,car,0.0,3.17,208,271
10,car,24.0,3.17,169,306
12,car,0.0,3.17,365,329
13,car,0.0,3.17,24,310
14,truck,0.0,3.17,194,479
15,car,0.0,3.17,194,478
18,car,0.0,3.17,144,362
19,car,0.0,3.17,407,232
20,car,0.0,3.17,240,247
21,car,24.0,3.17,332,235
25,car,0.0,3.17,85,230
26,car,24.0,3.17,311,252
27,car,33.94,3.17,292,275
28,car,24.0,3.17,264,228
29,car,0.0,3.17,13,350
30,car,0.0,3.17,360,243
31,person,24.0,3.17,216,316
39,car,0.0,3.17,388,501
42,person,98.95,3.17,275,458
44,car,33.94,3.17,30,250
46,car,0.0,3.17,68,279
48,motorcycle,53.67,3.17,275,479
55,car,0.0,3.17,110,250
64,person,67.88,3.17,206,767
70,person,216.0,3.17,274,446
72,car,48.0,3.17,29,568
82,car,0.0,3.17,14,221
1,car,0.0,3.21,254,560
2,car,0.0,3.21,346,657
3,car,86.53,3.21,170,742
4,car,0.0,3.21,138,428
5,car,0.0,3.21,264,361
6,car,53.67,3.21,275,321
7,car,0.0,3.21,385,375
8,car,0.0,3.21,403,405
9,car,0.0,3.21,208,271
10,car,0.0,3.21,169,306
12,car,0.0,3.21,365,329
13,car,0.0,3.21,24,310
14,truck,24.0,3.21,194,478
15,car,0.0,3.21,194,478
18,car,24.0,3.21,145,362
19,car,24.0,3.21,408,232
20,car,24.0,3.21,241,247
21,car,0.0,3.21,332,235
25,car,0.0,3.21,85,230
26,car,0.0,3.21,311,252
27,car,0.0,3.21,292,275
28,car,24.0,3.21,265,228
29,car,0.0,3.21,13,350
30,car,0.0,3.21,360,243
31,person,24.0,3.21,216,315
39,car,33.94,3.21,387,500
42,person,98.95,3.21,274,454
44,car,0.0,3.21,30,250
46,car,24.0,3.21,68,280
48,motorcycle,48.0,3.21,275,477
55,car,0.0,3.21,110,250
64,person,75.89,3.21,209,768
70,person,72.0,3.21,274,443
72,car,33.94,3.21,30,569
82,car,0.0,3.21,14,221
1,car,24.0,3.25,254,559
2,car,0.0,3.25,346,657
3,car,53.67,3.25,172,743
4,car,0.0,3.25,138,428
5,car,0.0,3.25,264,361
6,car,0.0,3.25,275,321
7,car,0.0,3.25,385,375
8,car,0.0,3.25,403,405
9,car,24.0,3.25,209,271
10,car,0.0,3.25,169,306
12,car,0.0,3.25,365,329
13,car,24.0,3.25,24,311
14,truck,24.0,3.25,195,478
15,car,0.0,3.25,194,478
18,car,24.0,3.25,145,361
19,car,24.0,3.25,408,233
20,car,122.38,3.25,240,252
25,car,0.0,3.25,85,230
26,car,24.0,3.25,312,252
27,car,0.0,3.25,292,275
28,car,0.0,3.25,265,228
29,car,0.0,3.25,13,350
30,car,0.0,3.25,360,243
31,person,24.0,3.25,217,315
39,car,0.0,3.25,387,500
42,person,24.0,3.25,274,453
44,car,24.0,3.25,29,250
46,car,0.0,3.25,68,280
48,motorcycle,24.0,3.25,274,477
55,car,0.0,3.25,110,250
64,person,67.88,3.25,211,770
70,person,33.94,3.25,273,442
72,car,24.0,3.25,30,570
82,car,0.0,3.25,14,221
1,car,24.0,3.29,253,559
2,car,0.0,3.29,346,657
3,car,98.95,3.29,176,744
4,car,0.0,3.29,138,428
5,car,0.0,3.29,264,361
6,car,24.0,3.29,276,321
7,car,0.0,3.29,385,375
8,car,0.0,3.29,403,405
9,car,0.0,3.29,209,271
10,car,24.0,3.29,170,306
12,car,24.0,3.29,366,329
13,car,0.0,3.29,24,311
14,truck,0.0,3.29,195,478
15,car,24.0,3.29,194,477
18,car,0.0,3.29,145,361
19,car,0.0,3.29,408,233
20,car,24.0,3.29,240,253
25,car,24.0,3.29,85,231
26,car,0.0,3.29,312,252
27,car,24.0,3.29,292,276
28,car,145.99,3.29,259,229
29,car,24.0,3.29,13,351
30,car,0.0,3.29,360,243
31,person,24.0,3.29,217,314
39,car,33.94,3.29,386,499
42,person,24.0,3.29,273,453
44,car,24.0,3.29,29,251
46,car,0.0,3.29,68,280
48,motorcycle,24.0,3.29,274,476
55,car,0.0,3.29,110,250
64,person,86.53,3.29,214,772
70,person,53.67,3.29,271,441
72,car,53.67,3.29,32,571
82,car,0.0,3.29,14,221
1,car,24.0,3.33,253,558
2,car,48.0,3.33,346,655
3,car,48.0,3.33,176,746
4,car,24.0,3.33,138,427
5,car,0.0,3.33,264,361
6,car,0.0,3.33,276,321
7,car,0.0,3.33,385,375
8,car,0.0,3.33,403,405
9,car,24.0,3.33,210,271
10,car,0.0,3.33,170,306
12,car,0.0,3.33,366,329
13,car,0.0,3.33,24,311
14,truck,0.0,3.33,195,478
15,car,24.0,3.33,194,478
18,car,33.94,3.33,146,360
19,car,33.94,3.33,409,234
20,car,24.0,3.33,241,253
25,car,120.0,3.33,80,231
26,car,0.0,3.33,312,252
27,car,0.0,3.33,292,276
28,car,0.0,3.33,259,229
29,car,24.0,3.33,13,352
30,car,0.0,3.33,360,243
31,person,24.0,3.33,218,314
39,car,24.0,3.33,386,498
42,person,24.0,3.33,272,453
44,car,0.0,3.33,29,251
46,car,0.0,3.33,68,280
48,motorcycle,33.94,3.33,273,475
55,car,24.0,3.33,110,251
64,person,67.88,3.33,216,774
70,person,33.94,3.33,270,440
72,car,24.0,3.33,32,572
82,car,24.0,3.33,14,222
1,car,0.0,3.38,253,558
2,car,33.94,3.38,345,654
3,car,33.94,3.38,177,747
4,car,24.0,3.38,137,427
5,car,33.94,3.38,265,360
6,car,24.0,3.38,277,321
7,car,24.0,3.38,386,375
8,car,0.0,3.38,403,405
9,car,0.0,3.38,210,271
10,car,33.94,3.38,171,305
12,car,24.0,3.38,366,330
13,car,33.94,3.38,23,312
14,truck,0.0,3.38,195,478
15,car,24.0,3.38,194,477
18,car,0.0,3.38,146,360
19,car,0.0,3.38,409,234
20,car,0.0,3.38,241,253
25,car,24.0,3.38,79,231
26,car,24.0,3.38,313,252
27,car,48.0,3.38,294,276
28,car,24.0,3.38,260,229
29,car,24.0,3.38,13,353
30,car,0.0,3.38,360,243
31,person,24.0,3.38,218,313
39,car,24.0,3.38,385,498
42,person,33.94,3.38,271,452
44,car,0.0,3.38,29,251
46,car,24.0,3.38,68,281
48,motorcycle,33.94,3.38,272,474
55,car,0.0,3.38,110,251
64,person,86.53,3.38,219,776
70,person,33.94,3.38,269,439
72,car,53.67,3.38,33,574
82,car,0.0,3.38,14,222
1,car,33.94,3.42,252,557
2,car,48.0,3.42,345,652
3,car,53.67,3.42,179,748
4,car,24.0,3.42,138,427
5,car,0.0,3.42,265,360
6,car,0.0,3.42,277,321
7,car,0.0,3.42,386,375
8,car,0.0,3.42,403,405
9,car,24.0,3.42,211,271
10,car,0.0,3.42,171,305
12,car,0.0,3.42,366,330
13,car,24.0,3.42,24,312
14,truck,0.0,3.42,195,478
15,car,24.0,3.42,194,476
18,car,0.0,3.42,146,360
19,car,24.0,3.42,410,234
20,car,24.0,3.42,242,253
25,car,0.0,3.42,79,231
26,car,0.0,3.42,313,252
27,car,24.0,3.42,295,276
28,car,0.0,3.42,260,229
29,car,24.0,3.42,13,354
30,car,0.0,3.42,360,243
31,person,33.94,3.42,219,312
39,car,24.0,3.42,385,497
42,person,24.0,3.42,271,451
44,car,33.94,3.42,28,252
46,car,0.0,3.42,68,281
48,motorcycle,24.0,3.42,272,473
55,car,0.0,3.42,110,251
64,person,67.88,3.42,221,778
70,person,33.94,3.42,268,438
72,car,33.94,3.42,34,575
82,car,0.0,3.42,14,222
1,car,24.0,3.46,252,558
2,car,24.0,3.46,345,651
3,car,53.67,3.46,181,749
4,car,24.0,3.46,138,426
5,car,0.0,3.46,265,360
6,car,0.0,3.46,277,321
7,car,0.0,3.46,386,375
8,car,24.0,3.46,403,404
9,car,24.0,3.46,212,271
10,car,24.0,3.46,172,305
12,car,24.0,3.46,366,329
13,car,24.0,3.46,24,313
14,truck,0.0,3.46,195,478
15,car,0.0,3.46,194,476
18,car,33.94,3.46,147,359
19,car,0.0,3.46,410,234
20,car,0.0,3.46,242,253
25,car,0.0,3.46,79,231
27,car,24.0,3.46,296,276
28,car,24.0,3.46,260,230
29,car,24.0,3.46,13,355
30,car,0.0,3.46,360,243
31,person,0.0,3.46,219,312
39,car,0.0,3.46,385,497
42,person,24.0,3.46,270,451
44,car,24.0,3.46,28,253
46,car,0.0,3.46,68,281
48,motorcycle,33.94,3.46,271,472
55,car,24.0,3.46,111,251
64,person,86.53,3.46,224,780
70,person,33.94,3.46,267,437
72,car,24.0,3.46,34,576
82,car,24.0,3.46,14,223
1,car,33.94,3.5,251,557
2,car,24.0,3.5,345,650
3,car,75.89,3.5,184,750
4,car,0.0,3.5,138,426
5,car,24.0,3.5,266,360
6,car,0.0,3.5,277,321
7,car,24.0,3.5,386,374
8,car,0.0,3.5,403,404
9,car,0.0,3.5,212,271
10,car,0.0,3.5,172,305
12,car,0.0,3.5,366,329
13,car,0.0,3.5,24,313
14,truck,0.0,3.5,195,478
15,car,24.0,3.5,194,475
18,car,0.0,3.5,147,359
19,car,0.0,3.5,410,234
20,car,48.0,3.5,242,251
25,car,24.0,3.5,79,232
27,car,24.0,3.5,297,276
28,car,24.0,3.5,261,230
29,car,24.0,3.5,14,355
30,car,0.0,3.5,360,243
31,person,33.94,3.5,220,311
39,car,33.94,3.5,384,496
42,person,24.0,3.5,269,451
44,car,24.0,3.5,27,253
46,car,0.0,3.5,68,281
48,motorcycle,33.94,3.5,270,471
55,car,24.0,3.5,111,252
64,person,67.88,3.5,226,782
70,person,24.0,3.5,266,437
72,car,24.0,3.5,34,577
82,car,0.0,3.5,14,223
1,car,0.0,3.54,251,557
2,car,24.0,3.54,346,650
3,car,33.94,3.54,185,751
4,car,24.0,3.54,138,425
5,car,0.0,3.54,266,360
6,car,24.0,3.54,278,321
7,car,0.0,3.54,386,374
8,car,0.0,3.54,403,404
9,car,24.0,3.54,213,271
10,car,0.0,3.54,172,305
12,car,33.94,3.54,367,330
13,car,33.94,3.54,23,314
14,truck,0.0,3.54,195,478
15,car,0.0,3.54,194,475
18,car,0.0,3.54,147,359
19,car,24.0,3.54,410,235
20,car,0.0,3.54,242,251
25,car,0.0,3.54,79,232
27,car,24.0,3.54,297,277
28,car,0.0,3.54,261,230
29,car,24.0,3.54,14,356
30,car,0.0,3.54,360,243
31,person,0.0,3.54,220,311
39,car,33.94,3.54,383,495
42,person,0.0,3.54,269,451
44,car,24.0,3.54,28,253
46,car,0.0,3.54,68,281
48,motorcycle,24.0,3.54,269,471
55,car,0.0,3.54,111,252
64,person,67.88,3.54,228,784
70,person,33.94,3.54,265,436
72,car,33.94,3.54,35,578
82,car,24.0,3.54,14,224
1,car,24.0,3.58,250,557
2,car,24.0,3.58,346,649
3,car,53.67,3.58,187,752
4,car,0.0,3.58,138,425
5,car,24.0,3.58,266,359
6,car,33.94,3.58,277,322
7,car,0.0,3.58,386,374
8,car,0.0,3.58,403,404
9,car,0.0,3.58,213,271
10,car,24.0,3.58,173,305
12,car,24.0,3.58,368,330
13,car,0.0,3.58,23,314
14,truck,0.0,3.58,195,478
15,car,24.0,3.58,194,476
18,car,0.0,3.58,147,359
19,car,24.0,3.58,411,235
20,car,33.94,3.58,243,250
25,car,0.0,3.58,79,232
27,car,24.0,3.58,298,277
28,car,24.0,3.58,261,231
29,car,24.0,3.58,13,356
30,car,24.0,3.58,361,243
31,person,33.94,3.58,221,310
39,car,0.0,3.58,383,495
42,person,33.94,3.58,268,450
44,car,0.0,3.58,28,253
46,car,0.0,3.58,68,281
48,motorcycle,24.0,3.58,269,470
55,car,24.0,3.58,110,252
64,person,86.53,3.58,231,786
70,person,33.94,3.58,264,435
72,car,48.0,3.58,35,580
82,car,0.0,3.58,14,224
1,car,24.0,3.62,250,556
2,car,53.67,3.62,345,651
3,car,53.67,3.62,188,754
4,car,0.0,3.62,138,425
5,car,0.0,3.62,266,359
6,car,0.0,3.62,277,322
7,car,0.0,3.62,386,374
8,car,0.0,3.62,403,404
9,car,0.0,3.62,213,271
10,car,24.0,3.62,174,305
12,car,0.0,3.62,368,330
13,car,24.0,3.62,23,315
14,truck,0.0,3.62,195,478
15,car,24.0,3.62,195,476
18,car,0.0,3.62,147,359
19,car,0.0,3.62,411,235
20,car,0.0,3.62,243,250
25,car,24.0,3.62,79,233
27,car,0.0,3.62,298,277
28,car,24.0,3.62,262,231
29,car,0.0,3.62,13,356
30,car,0.0,3.62,361,243
31,person,0.0,3.62,221,310
39,car,24.0,3.62,383,494
42,person,33.94,3.62,267,449
44,car,33.94,3.62,27,254
46,car,0.0,3.62,68,281
48,motorcycle,53.67,3.62,268,468
55,car,0.0,3.62,110,252
64,person,67.88,3.62,233,788
70,person,33.94,3.62,263,434
72,car,33.94,3.62,36,581
82,car,0.0,3.62,14,224
83,car,0,3.62,8,453
1,car,24.0,3.67,250,557
2,car,0.0,3.67,345,651
3,car,24.0,3.67,188,755
4,car,24.0,3.67,138,424
5,car,0.0,3.67,266,359
6,car,24.0,3.67,278,322
7,car,0.0,3.67,386,374
8,car,0.0,3.67,403,404
9,car,24.0,3.67,214,271
10,car,33.94,3.67,175,304
12,car,24.0,3.67,368,329
13,car,0.0,3.67,23,315
14,truck,24.0,3.67,195,477
15,car,0.0,3.67,195,476
18,car,33.94,3.67,148,360
19,car,24.0,3.67,412,235
20,car,33.94,3.67,244,249
25,car,0.0,3.67,79,233
27,car,0.0,3.67,298,277
28,car,24.0,3.67,262,232
29,car,24.0,3.67,13,357
30,car,0.0,3.67,361,243
31,person,33.94,3.67,222,309
39,car,24.0,3.67,382,494
42,person,0.0,3.67,267,449
44,car,0.0,3.67,27,254
46,car,24.0,3.67,68,282
48,motorcycle,33.94,3.67,267,467
55,car,0.0,3.67,110,252
64,person,86.53,3.67,236,790
70,person,33.94,3.67,262,433
72,car,48.0,3.67,36,583
82,car,24.0,3.67,14,225
83,car,24.0,3.67,9,453
1,car,24.0,3.71,249,557
2,car,53.67,3.71,346,653
3,car,98.95,3.71,192,756
4,car,24.0,3.71,137,424
5,car,24.0,3.71,267,359
6,car,0.0,3.71,278,322
7,car,24.0,3.71,387,374
8,car,0.0,3.71,403,404
9,car,0.0,3.71,214,271
10,car,24.0,3.71,176,304
12,car,24.0,3.71,368,328
13,car,24.0,3.71,23,316
14,truck,0.0,3.71,195,477
15,car,0.0,3.71,195,476
18,car,0.0,3.71,148,360
19,car,24.0,3.71,412,234
20,car,24.0,3.71,244,250
25,car,24.0,3.71,79,234
27,car,24.0,3.71,299,277
28,car,24.0,3.71,263,232
29,car,33.94,3.71,14,358
30,car,0.0,3.71,361,243
31,person,0.0,3.71,222,309
39,car,24.0,3.71,382,493
42,person,33.94,3.71,266,448
44,car,24.0,3.71,27,255
46,car,0.0,3.71,68,282
48,motorcycle,24.0,3.71,267,466
55,car,0.0,3.71,110,252
64,person,67.88,3.71,238,792
70,person,33.94,3.71,261,432
72,car,33.94,3.71,37,584
82,car,24.0,3.71,14,226
83,car,145.99,3.71,8,459
1,car,0.0,3.75,249,557
2,car,24.0,3.75,346,652
3,car,53.67,3.75,194,757
4,car,0.0,3.75,137,424
5,car,0.0,3.75,267,359
6,car,24.0,3.75,279,322
7,car,0.0,3.75,387,374
8,car,0.0,3.75,403,404
9,car,24.0,3.75,215,271
10,car,0.0,3.75,176,304
12,car,24.0,3.75,368,329
13,car,0.0,3.75,23,316
14,truck,0.0,3.75,195,477
15,car,24.0,3.75,195,477
18,car,0.0,3.75,148,360
19,car,0.0,3.75,412,234
20,car,24.0,3.75,245,250
25,car,0.0,3.75,79,234
27,car,24.0,3.75,298,277
28,car,0.0,3.75,263,232
29,car,24.0,3.75,14,359
30,car,0.0,3.75,361,243
31,person,24.0,3.75,222,308
39,car,24.0,3.75,382,492
42,person,24.0,3.75,266,447
44,car,0.0,3.75,27,255
46,car,0.0,3.75,68,282
48,motorcycle,33.94,3.75,266,465
55,car,0.0,3.75,110,252
64,person,86.53,3.75,241,794
70,person,33.94,3.75,260,431
72,car,53.67,3.75,38,586
82,car,24.0,3.75,14,227
83,car,48.0,3.75,8,461
84,car,0,3.75,50,214
1,car,24.0,3.79,249,556
2,car,53.67,3.79,345,650
3,car,33.94,3.79,195,758
4,car,0.0,3.79,137,424
5,car,24.0,3.79,268,359
6,car,0.0,3.79,279,322
7,car,0.0,3.79,387,374
8,car,0.0,3.79,403,404
9,car,24.0,3.79,216,271
10,car,24.0,3.79,177,304
12,car,24.0,3.79,369,329
13,car,24.0,3.79,23,317
14,truck,0.0,3.79,195,477
15,car,24.0,3.79,195,476
18,car,24.0,3.79,149,360
19,car,0.0,3.79,412,234
20,car,0.0,3.79,245,250
25,car,24.0,3.79,79,235
27,car,24.0,3.79,299,277
28,car,0.0,3.79,263,232
29,car,0.0,3.79,14,359
30,car,0.0,3.79,361,243
31,person,24.0,3.79,223,308
39,car,24.0,3.79,381,492
42,person,24.0,3.79,266,446
44,car,24.0,3.79,27,256
46,car,0.0,3.79,68,282
48,motorcycle,33.94,3.79,265,464
55,car,0.0,3.79,110,252
64,person,67.88,3.79,243,796
70,person,33.94,3.79,259,430
72,car,33.94,3.79,39,587
82,car,24.0,3.79,14,228
83,car,24.0,3.79,9,461
84,car,0.0,3.79,50,214
1,car,0.0,3.83,249,556
2,car,24.0,3.83,345,649
3,car,67.88,3.83,197,760
4,car,33.94,3.83,136,423
5,car,0.0,3.83,268,359
6,car,24.0,3.83,278,322
7,car,0.0,3.83,387,374
8,car,0.0,3.83,403,404
9,car,24.0,3.83,217,271
10,car,0.0,3.83,177,304
12,car,0.0,3.83,369,329
13,car,0.0,3.83,23,317
14,truck,0.0,3.83,195,477
15,car,0.0,3.83,195,476
18,car,0.0,3.83,149,360
19,car,24.0,3.83,413,234
20,car,24.0,3.83,246,250
25,car,24.0,3.83,79,236
27,car,0.0,3.83,299,277
28,car,24.0,3.83,264,232
29,car,24.0,3.83,14,360
30,car,0.0,3.83,361,243
31,person,24.0,3.83,223,307
39,car,24.0,3.83,381,491
42,person,24.0,3.83,265,446
44,car,24.0,3.83,26,256
46,car,24.0,3.83,68,283
48,motorcycle,0.0,3.83,265,464
55,car,24.0,3.83,110,253
64,person,86.53,3.83,246,798
70,person,33.94,3.83,258,429
72,car,48.0,3.83,39,589
82,car,0.0,3.83,14,228
83,car,0.0,3.83,9,461
84,car,0.0,3.83,50,214
1,car,0.0,3.88,249,556
2,car,0.0,3.88,345,649
3,car,53.67,3.88,199,761
4,car,0.0,3.88,136,423
5,car,0.0,3.88,268,359
6,car,0.0,3.88,278,322
7,car,0.0,3.88,387,374
8,car,24.0,3.88,403,403
9,car,0.0,3.88,217,271
10,car,24.0,3.88,178,304
12,car,0.0,3.88,369,329
13,car,24.0,3.88,23,318
14,truck,0.0,3.88,195,477
15,car,24.0,3.88,195,475
18,car,0.0,3.88,149,360
19,car,0.0,3.88,413,234
20,car,24.0,3.88,246,249
25,car,24.0,3.88,78,236
27,car,0.0,3.88,299,277
28,car,24.0,3.88,264,233
29,car,0.0,3.88,14,360
30,car,24.0,3.88,362,243
31,person,214.66,3.88,227,315
39,car,24.0,3.88,380,491
42,person,33.94,3.88,264,445
44,car,0.0,3.88,26,256
46,car,0.0,3.88,68,283
48,motorcycle,24.0,3.88,264,464
55,car,0.0,3.88,110,253
64,person,67.88,3.88,248,800
70,person,33.94,3.88,257,428
72,car,53.67,3.88,40,591
82,car,0.0,3.88,14,228
83,car,0.0,3.88,9,461
84,car,0.0,3.88,50,214
87,car,0,3.88,9,471
1,car,24.0,3.92,248,556
2,car,0.0,3.92,345,649
3,car,53.67,3.92,201,762
4,car,0.0,3.92,136,423
5,car,24.0,3.92,269,359
6,car,24.0,3.92,279,322
7,car,0.0,3.92,387,374
8,car,0.0,3.92,403,403
9,car,24.0,3.92,218,271
10,car,33.94,3.92,179,305
12,car,24.0,3.92,369,328
13,car,24.0,3.92,24,318
14,truck,0.0,3.92,195,477
15,car,24.0,3.92,196,475
18,car,24.0,3.92,150,360
19,car,24.0,3.92,413,235
20,car,0.0,3.92,246,249
25,car,24.0,3.92,78,237
27,car,24.0,3.92,300,277
28,car,0.0,3.92,264,233
29,car,0.0,3.92,14,360
30,car,24.0,3.92,362,242
31,person,24.0,3.92,228,315
39,car,24.0,3.92,380,490
42,person,24.0,3.92,263,445
44,car,24.0,3.92,26,257
46,car,0.0,3.92,68,283
48,motorcycle,24.0,3.92,264,463
55,car,0.0,3.92,110,253
64,person,75.89,3.92,251,801
70,person,33.94,3.92,256,427
72,car,24.0,3.92,40,592
82,car,0.0,3.92,14,228
83,car,33.94,3.92,10,462
84,car,0.0,3.92,50,214
87,car,0.0,3.92,9,471
1,car,0.0,3.96,248,556
2,car,33.94,3.96,346,650
3,car,53.67,3.96,203,763
4,car,0.0,3.96,136,423
5,car,0.0,3.96,269,359
6,car,48.0,3.96,281,322
7,car,33.94,3.96,388,373
8,car,24.0,3.96,403,402
9,car,0.0,3.96,218,271
10,car,0.0,3.96,179,305
12,car,24.0,3.96,369,329
13,car,24.0,3.96,24,319
14,truck,0.0,3.96,195,477
15,car,24.0,3.96,196,474
18,car,24.0,3.96,150,359
19,car,24.0,3.96,414,235
20,car,33.94,3.96,247,250
25,car,0.0,3.96,78,237
27,car,33.94,3.96,301,278
28,car,24.0,3.96,265,233
29,car,24.0,3.96,14,361
30,car,0.0,3.96,362,242
31,person,24.0,3.96,229,315
39,car,0.0,3.96,380,490
42,person,33.94,3.96,264,444
44,car,0.0,3.96,26,257
46,car,0.0,3.96,68,283
48,motorcycle,33.94,3.96,263,462
55,car,0.0,3.96,110,253
64,person,67.88,3.96,253,803
70,person,33.94,3.96,255,426
72,car,24.0,3.96,40,593
82,car,0.0,3.96,14,228
83,car,0.0,3.96,10,462
84,car,0.0,3.96,50,214
87,car,0.0,3.96,9,471
1,car,24.0,4.0,248,555
2,car,24.0,4.0,345,650
3,car,53.67,4.0,205,764
4,car,0.0,4.0,136,423
5,car,0.0,4.0,269,359
6,car,24.0,4.0,282,322
7,car,0.0,4.0,388,373
8,car,24.0,4.0,404,402
9,car,24.0,4.0,219,271
10,car,0.0,4.0,179,305
12,car,24.0,4.0,369,330
13,car,24.0,4.0,24,320
14,truck,0.0,4.0,195,477
15,car,0.0,4.0,196,474
18,car,24.0,4.0,151,359
19,car,0.0,4.0,414,235
20,car,0.0,4.0,247,250
25,car,33.94,4.0,77,238
27,car,0.0,4.0,301,278
28,car,0.0,4.0,265,233
29,car,0.0,4.0,14,361
30,car,24.0,4.0,363,242
31,person,0.0,4.0,229,315
39,car,0.0,4.0,380,490
42,person,33.94,4.0,263,443
44,car,33.94,4.0,25,258
46,car,0.0,4.0,68,283
48,motorcycle,0.0,4.0,263,462
55,car,0.0,4.0,110,253
64,person,86.53,4.0,256,805
70,person,33.94,4.0,254,425
72,car,33.94,4.0,41,594
82,car,0.0,4.0,14,228
83,car,24.0,4.0,10,461
84,car,0.0,4.0,50,214
87,car,0.0,4.0,9,471
1,car,0.0,4.04,248,555
2,car,0.0,4.04,345,650
3,car,33.94,4.04,206,765
4,car,0.0,4.04,136,423
5,car,0.0,4.04,269,359
6,car,33.94,4.04,283,321
7,car,0.0,4.04,388,373
8,car,0.0,4.04,404,402
9,car,24.0,4.04,220,271
10,car,24.0,4.04,180,305
12,car,24.0,4.04,370,330
13,car,24.0,4.04,24,321
14,truck,0.0,4.04,195,477
15,car,24.0,4.04,196,473
18,car,0.0,4.04,151,359
19,car,0.0,4.04,414,235
20,car,24.0,4.04,247,249
25,car,0.0,4.04,77,238
27,car,24.0,4.04,301,279
28,car,33.94,4.04,266,232
29,car,24.0,4.04,14,362
30,car,24.0,4.04,362,242
31,person,24.0,4.04,229,314
39,car,33.94,4.04,379,489
42,person,33.94,4.04,262,442
44,car,48.0,4.04,25,260
46,car,24.0,4.04,68,284
48,motorcycle,24.0,4.04,262,462
55,car,24.0,4.04,110,254
70,person,33.94,4.04,253,424
72,car,24.0,4.04,41,595
82,car,0.0,4.04,14,228
83,car,33.94,4.04,11,462
84,car,0.0,4.04,50,214
87,car,24.0,4.04,10,471
1,car,0.0,4.08,248,555
2,car,24.0,4.08,345,649
3,car,67.88,4.08,208,767
4,car,24.0,4.08,137,423
5,car,33.94,4.08,270,358
6,car,24.0,4.08,284,321
7,car,0.0,4.08,388,373
8,car,24.0,4.08,404,401
9,car,24.0,4.08,221,271
10,car,0.0,4.08,180,305
12,car,0.0,4.08,370,330
13,car,0.0,4.08,24,321
14,truck,0.0,4.08,195,477
15,car,0.0,4.08,196,473
18,car,0.0,4.08,151,359
19,car,24.0,4.08,415,235
20,car,120.0,4.08,250,253
25,car,0.0,4.08,77,238
27,car,24.0,4.08,301,280
28,car,24.0,4.08,267,232
29,car,24.0,4.08,14,363
30,car,0.0,4.08,362,242
31,person,33.94,4.08,230,315
39,car,0.0,4.08,379,489
42,person,0.0,4.08,262,442
44,car,0.0,4.08,25,260
46,car,0.0,4.08,68,284
48,motorcycle,24.0,4.08,262,461
55,car,24.0,4.08,111,254
70,person,33.94,4.08,252,423
72,car,53.67,4.08,42,597
82,car,24.0,4.08,14,229
83,car,24.0,4.08,11,463
84,car,0.0,4.08,50,214
87,car,0.0,4.08,10,471
1,car,53.67,4.12,247,553
2,car,24.0,4.12,344,649
3,car,53.67,4.12,210,768
4,car,24.0,4.12,137,422
5,car,0.0,4.12,270,358
6,car,24.0,4.12,285,321
7,car,0.0,4.12,388,373
8,car,0.0,4.12,404,401
9,car,24.0,4.12,221,272
10,car,0.0,4.12,180,305
12,car,24.0,4.12,371,330
13,car,0.0,4.12,24,321
14,truck,24.0,4.12,195,476
15,car,0.0,4.12,196,473
18,car,48.0,4.12,153,359
19,car,24.0,4.12,415,236
20,car,0.0,4.12,250,253
25,car,33.94,4.12,78,239
27,car,0.0,4.12,301,280
28,car,48.0,4.12,267,234
29,car,0.0,4.12,14,363
30,car,0.0,4.12,362,242
31,person,0.0,4.12,230,315
39,car,24.0,4.12,379,488
42,person,33.94,4.12,261,441
44,car,24.0,4.12,25,261
46,car,0.0,4.12,68,284
48,motorcycle,53.67,4.12,261,459
55,car,0.0,4.12,111,254
70,person,33.94,4.12,251,422
72,car,24.0,4.12,43,597
82,car,0.0,4.12,14,229
83,car,0.0,4.12,11,463
84,car,24.0,4.12,50,213
87,car,0.0,4.12,10,471
91,car,0,4.12,316,252
1,car,0.0,4.17,247,553
2,car,0.0,4.17,344,649
3,car,53.67,4.17,212,769
4,car,0.0,4.17,137,422
5,car,0.0,4.17,270,358
6,car,0.0,4.17,285,321
7,car,24.0,4.17,389,373
8,car,0.0,4.17,404,401
9,car,24.0,4.17,222,272
10,car,24.0,4.17,181,305
12,car,0.0,4.17,371,330
13,car,33.94,4.17,23,322
14,truck,0.0,4.17,195,476
15,car,0.0,4.17,196,473
18,car,33.94,4.17,154,358
19,car,24.0,4.17,415,237
20,car,24.0,4.17,250,254
25,car,24.0,4.17,77,239
27,car,0.0,4.17,301,280
28,car,0.0,4.17,267,234
29,car,24.0,4.17,14,364
30,car,24.0,4.17,362,243
31,person,24.0,4.17,231,315
39,car,0.0,4.17,379,488
42,person,24.0,4.17,261,440
44,car,24.0,4.17,25,262
46,car,48.0,4.17,68,286
48,motorcycle,33.94,4.17,260,458
55,car,0.0,4.17,111,254
70,person,33.94,4.17,250,421
72,car,72.0,4.17,43,600
82,car,24.0,4.17,13,229
83,car,33.94,4.17,12,464
84,car,0.0,4.17,50,213
87,car,0.0,4.17,10,471
91,car,0.0,4.17,316,252
1,car,0.0,4.21,247,553
2,car,48.0,4.21,344,651
3,car,53.67,4.21,214,770
4,car,33.94,4.21,138,421
5,car,24.0,4.21,270,357
6,car,75.89,4.21,286,318
7,car,0.0,4.21,389,373
8,car,0.0,4.21,404,401
9,car,0.0,4.21,222,272
10,car,24.0,4.21,182,305
12,car,24.0,4.21,371,331
13,car,0.0,4.21,23,322
14,truck,0.0,4.21,195,476
15,car,24.0,4.21,197,473
18,car,24.0,4.21,155,358
19,car,33.94,4.21,416,238
20,car,24.0,4.21,251,254
25,car,33.94,4.21,78,240
27,car,24.0,4.21,302,280
28,car,33.94,4.21,268,235
29,car,24.0,4.21,14,365
30,car,0.0,4.21,362,243
31,person,0.0,4.21,231,315
39,car,33.94,4.21,378,487
42,person,33.94,4.21,260,439
44,car,0.0,4.21,25,262
46,car,24.0,4.21,68,287
48,motorcycle,24.0,4.21,260,457
55,car,0.0,4.21,111,254
70,person,53.67,4.21,248,420
72,car,33.94,4.21,44,601
82,car,24.0,4.21,13,230
83,car,24.0,4.21,12,465
84,car,0.0,4.21,50,213
87,car,0.0,4.21,10,471
91,car,24.0,4.21,316,251
1,car,0.0,4.25,247,553
2,car,24.0,4.25,344,652
3,car,53.67,4.25,216,771
4,car,0.0,4.25,138,421
5,car,33.94,4.25,271,356
6,car,33.94,4.25,287,317
7,car,24.0,4.25,390,373
8,car,0.0,4.25,404,401
9,car,24.0,4.25,223,272
10,car,24.0,4.25,183,305
12,car,24.0,4.25,371,332
13,car,24.0,4.25,23,323
14,truck,0.0,4.25,195,476
15,car,0.0,4.25,197,473
18,car,24.0,4.25,156,358
19,car,24.0,4.25,416,237
20,car,0.0,4.25,251,254
25,car,0.0,4.25,78,240
27,car,0.0,4.25,302,280
28,car,24.0,4.25,269,235
29,car,24.0,4.25,14,366
30,car,0.0,4.25,362,243
31,person,24.0,4.25,232,315
39,car,24.0,4.25,377,487
42,person,33.94,4.25,259,438
44,car,0.0,4.25,25,262
46,car,24.0,4.25,68,286
48,motorcycle,24.0,4.25,259,457
55,car,0.0,4.25,111,254
70,person,33.94,4.25,247,419
72,car,33.94,4.25,45,602
82,car,33.94,4.25,12,231
83,car,24.0,4.25,12,466
84,car,0.0,4.25,50,213
87,car,0.0,4.25,10,471
91,car,53.67,4.25,318,252
1,car,24.0,4.29,246,553
2,car,24.0,4.29,344,653
3,car,53.67,4.29,217,773
4,car,0.0,4.29,138,421
5,car,0.0,4.29,271,356
6,car,48.0,4.29,287,319
7,car,0.0,4.29,390,373
8,car,33.94,4.29,403,402
9,car,24.0,4.29,224,272
10,car,24.0,4.29,184,305
12,car,24.0,4.29,372,332
13,car,24.0,4.29,23,324
14,truck,0.0,4.29,195,476
15,car,0.0,4.29,197,473
18,car,0.0,4.29,156,358
19,car,0.0,4.29,416,237
20,car,33.94,4.29,252,253
25,car,33.94,4.29,77,241
27,car,48.0,4.29,304,280
28,car,24.0,4.29,270,235
29,car,24.0,4.29,14,367
30,car,0.0,4.29,362,243
31,person,24.0,4.29,233,315
39,car,24.0,4.29,377,486
42,person,0.0,4.29,259,438
44,car,24.0,4.29,25,263
46,car,33.94,4.29,67,287
48,motorcycle,24.0,4.29,259,456
55,car,24.0,4.29,111,255
70,person,33.94,4.29,246,418
72,car,75.89,4.29,46,605
82,car,24.0,4.29,13,231
83,car,48.0,4.29,12,468
84,car,96.0,4.29,50,217
87,car,241.2,4.29,11,481
91,car,24.0,4.29,318,253
1,car,0.0,4.33,246,553
2,car,0.0,4.33,344,653
3,car,53.67,4.33,219,774
4,car,0.0,4.33,138,421
5,car,24.0,4.33,272,356
6,car,24.0,4.33,287,320
7,car,0.0,4.33,390,373
8,car,24.0,4.33,403,401
9,car,24.0,4.33,224,271
10,car,24.0,4.33,185,305
12,car,0.0,4.33,372,332
13,car,24.0,4.33,23,325
15,car,24.0,4.33,197,474
18,car,24.0,4.33,157,358
19,car,0.0,4.33,416,237
20,car,24.0,4.33,253,253
25,car,33.94,4.33,78,242
27,car,33.94,4.33,305,279
28,car,0.0,4.33,270,235
29,car,0.0,4.33,14,367
30,car,0.0,4.33,362,243
31,person,0.0,4.33,233,315
39,car,24.0,4.33,376,486
42,motorcycle,53.67,4.33,258,440
44,car,0.0,4.33,25,263
46,car,24.0,4.33,68,287
48,motorcycle,24.0,4.33,259,455
55,car,0.0,4.33,111,255
70,person,33.94,4.33,245,417
72,car,53.67,4.33,47,607
82,car,24.0,4.33,13,232
83,car,24.0,4.33,12,469
84,car,53.67,4.33,51,219
87,car,24.0,4.33,11,482
91,car,0.0,4.33,318,253
1,car,0.0,4.38,246,553
2,car,24.0,4.38,344,654
3,car,53.67,4.38,221,775
4,car,0.0,4.38,138,421
5,car,48.0,4.38,272,358
6,car,24.0,4.38,287,321
7,car,0.0,4.38,390,373
8,car,0.0,4.38,403,401
9,car,24.0,4.38,225,271
10,car,33.94,4.38,186,304
12,car,0.0,4.38,372,332
13,car,0.0,4.38,23,325
15,car,0.0,4.38,197,474
18,car,24.0,4.38,158,358
19,car,24.0,4.38,417,237
20,car,24.0,4.38,252,253
25,car,0.0,4.38,78,242
27,car,33.94,4.38,306,278
28,car,24.0,4.38,271,235
29,car,33.94,4.38,15,368
30,car,0.0,4.38,362,243
31,person,24.0,4.38,234,315
39,car,33.94,4.38,375,485
42,person,72.0,4.38,258,437
44,car,33.94,4.38,24,264
46,car,0.0,4.38,68,287
